tourney_id,tourney_name,surface,draw_size,tourney_level,indoor,tourney_date,match_num,winner_id,winner_seed,winner_entry,winner_name,winner_hand,winner_ht,winner_ioc,winner_age,winner_rank,winner_rank_points,loser_id,loser_seed,loser_entry,loser_name,loser_hand,loser_ht,loser_ioc,loser_age,loser_rank,loser_rank_points,score,best_of,round,minutes,w_ace,w_df,w_svpt,w_1stIn,w_1stWon,w_2ndWon,w_SvGms,w_bpSaved,w_bpFaced,l_ace,l_df,l_svpt,l_1stIn,l_1stWon,l_2ndWon,l_SvGms,l_bpSaved,l_bpFaced
2026-9900,United Cup,Hard,18,A,O,20260102,1,B0BI,,,Sebastian Baez,R,170,ARG,25.002,45,1145,MU94,,,Jaume Munar,R,183,ESP,28.652,33,1385,6-4 6-4,3,RR,103,0,2,71,46,27,15,10,4,6,7,0,52,39,25,6,10,2,6
2026-9900,United Cup,Hard,18,A,O,20260102,2,TE51,,,Stefanos Tsitsipas,R,193,GRE,27.381,36,1380,M0HU,,,Shintaro Mochizuki,R,175,JPN,22.576,99,647,6-3 6-4,3,RR,82,8,2,61,42,28,11,10,1,2,1,3,57,30,22,11,9,5,8
2026-9900,United Cup,Hard,18,A,O,20260103,3,Z371,,,Zhizhen Zhang,R,193,CHN,29.202,410,115,BU13,,,Zizou Bergs,R,185,BEL,26.574,42,1208,6-7(2) 7-6(3) 7-5,3,RR,173,12,0,108,71,59,21,18,0,0,18,5,126,75,58,29,18,9,10
2026-9900,United Cup,Hard,18,A,O,20260103,4,W367,,,Stan Wawrinka,R,183,SUI,40.756,157,397,RC91,,,Arthur Rinderknech,R,196,FRA,30.437,29,1527,5-7 7-6(5) 7-6(5),3,RR,198,6,2,120,68,53,31,18,2,4,17,5,111,61,50,32,18,6,7
2026-9900,United Cup,Hard,18,A,O,20260103,5,B0BI,,,Sebastian Baez,R,170,ARG,25.002,45,1145,FB98,,,Taylor Fritz,R,196,USA,28.17,6,4085,4-6 7-5 6-4,3,RR,153,4,0,107,80,51,16,16,8,11,23,2,102,56,43,21,16,4,8
2026-9900,United Cup,Hard,18,A,O,20260103,6,RH16,,,Casper Ruud,R,183,NOR,27.02,12,2825,DH58,,,Alex de Minaur,R,183,AUS,26.864,7,4080,6-3 6-3,3,RR,93,6,3,66,47,37,8,9,5,5,2,8,66,36,23,14,9,7,10
2026-9900,United Cup,Hard,18,A,O,20260104,7,HD68,,,Billy Harris,R,193,GBR,30.927,128,482,M0HU,,,Shintaro Mochizuki,R,175,JPN,22.576,99,647,7-6(4) 6-3,3,RR,110,4,3,70,41,30,16,11,4,6,4,6,68,27,21,18,10,1,4
2026-9900,United Cup,Hard,18,A,O,20260104,8,Z355,,,Alexander Zverev,R,198,GER,28.693,3,5110,GJ37,,,Tallon Griekspoor,R,188,NED,29.492,26,1565,7-5 6-0,3,RR,69,15,0,48,36,32,6,9,2,2,3,3,43,30,19,3,9,0,4
2026-9900,United Cup,Hard,18,A,O,20260104,9,AG37,,,Felix Auger-Aliassime,R,193,CAN,25.407,5,4190,Z371,,,Zhizhen Zhang,R,193,CHN,29.218,410,115,6-4 6-4,3,RR,87,6,0,55,37,32,10,10,1,1,2,2,55,34,23,12,10,0,2
2026-339,Brisbane,Hard,32,250,O,20260104,1,TD51,,,Frances Tiafoe,R,188,USA,27.956,30,1500,V832,,,Aleksandar Vukic,R,188,AUS,29.747,84,708,6-2 6-2,3,R32,60,3,0,39,28,23,9,8,0,0,3,3,46,26,15,7,8,2,6
2026-339,Brisbane,Hard,32,250,O,20260104,2,T0HA,8,,Learner Tien,L,180,USA,20.09,28,1540,U182,,,Camilo Ugo Carabelli,R,185,ARG,26.552,49,1028,7-6(4) 6-3,3,R32,91,1,2,61,36,29,17,11,0,1,2,2,66,38,29,13,10,5,7
2026-9900,United Cup,Hard,18,A,O,20260104,10,C0E9,,,Flavio Cobolli,R,183,ITA,23.666,22,2000,W367,,,Stan Wawrinka,R,183,SUI,40.772,157,397,6-4 6-7(2) 7-6(4),3,RR,175,8,1,101,55,41,33,17,0,0,8,3,104,61,49,27,17,3,4
2026-336,Hong Kong,Hard,28,250,O,20260105,1,BT72,8,,Nuno Borges,R,185,POR,28.876,45,1120,D923,,,Damir Dzumhur,R,175,BIH,33.629,65,837,6-4 6-3,3,R32,75,5,1,51,40,27,4,9,3,5,1,5,69,41,24,11,10,3,8
2026-336,Hong Kong,Hard,28,250,O,20260105,2,C977,,,Marin Cilic,R,198,CRO,37.27,70,765,ME82,,,Adrian Mannarino,L,180,FRA,37.52,68,817,6-3 6-2,3,R32,84,9,3,56,27,24,15,9,1,1,0,0,49,36,22,5,8,3,6
2026-339,Brisbane,Hard,32,250,O,20260105,3,HB64,,,Quentin Halys,R,191,FRA,29.194,91,669,P09Z,,,Alexei Popyrin,R,196,AUS,26.42,50,1000,5-7 6-3 6-4,3,R32,114,15,2,79,58,52,9,16,1,2,13,2,84,54,41,16,15,3,5
2026-339,Brisbane,Hard,32,250,O,20260105,4,L0BV,3,,Jiri Lehecka,R,185,CZE,24.159,19,2075,M0FH,,,Tomas Machac,R,183,CZE,25.229,35,1360,6-4 6-7(5) 6-2,3,R32,144,8,0,88,63,50,16,15,2,2,8,5,109,71,50,17,15,2,5
2026-339,Brisbane,Hard,32,250,O,20260105,5,K0AH,,,Sebastian Korda,R,196,USA,25.503,46,1090,VA25,,,Valentin Vacherot,R,193,MON,27.138,31,1469,7-6(1) 6-3,3,R32,87,10,5,67,46,37,12,11,3,4,9,2,69,46,30,13,10,7,9
2026-339,Brisbane,Hard,32,250,O,20260105,6,MQ75,,,Kamil Majchrzak,R,183,POL,29.979,59,861,AE14,,,Daniel Altmaier,R,188,GER,27.316,44,1123,7-6(4) 6-0,3,R32,82,7,1,53,37,33,6,9,0,1,7,5,59,37,24,7,9,5,9
2026-339,Brisbane,Hard,32,250,O,20260105,7,M0QI,,,Alex Michelsen,R,193,USA,21.363,37,1300,D994,,,James Duckworth,R,183,AUS,33.958,86,694,6-7(4) 7-6(2) 6-3,3,R32,146,19,2,109,76,60,19,17,6,6,10,7,99,55,45,25,16,2,3
2026-339,Brisbane,Hard,32,250,O,20260105,8,O522,,,Reilly Opelka,R,211,USA,28.356,60,861,S0IA,,,Dane Sweeny,R,170,AUS,24.895,183,315,6-3 7-5,3,R32,82,21,2,55,45,36,8,11,0,0,2,4,68,41,33,10,10,6,8
2026-9900,United Cup,Hard,18,A,O,20260105,11,FB98,,,Taylor Fritz,R,196,USA,28.189,6,4085,MU94,,,Jaume Munar,R,183,ESP,28.671,33,1385,7-6(4) 3-6 7-6(6),3,RR,193,16,7,112,75,60,18,16,5,6,14,5,122,72,62,24,17,2,2
2026-9900,United Cup,Hard,18,A,O,20260105,12,HB71,,,Hubert Hurkacz,R,196,POL,28.898,83,710,Z355,,,Alexander Zverev,R,198,GER,28.712,3,5110,6-3 6-4,3,RR,82,21,0,63,41,35,9,10,1,1,7,0,46,40,25,6,9,1,3
2026-9900,United Cup,Hard,18,A,O,20260105,13,M0NI,,,Jakub Mensik,R,196,CZE,20.345,18,2130,RH16,,,Casper Ruud,R,183,NOR,27.039,12,2825,7-5 7-6(6),3,RR,128,16,3,83,51,40,13,12,5,7,1,1,79,45,25,22,12,3,6
2026-339,Brisbane,Hard,32,250,O,20260105,9,MM58,1,,Daniil Medvedev,R,198,RUS,29.9,13,2710,F724,,,Marton Fucsovics,R,188,HUN,33.908,54,949,6-2 6-3,3,R32,69,4,2,42,28,22,6,8,2,4,0,2,57,35,19,7,9,4,10
2026-336,Hong Kong,Hard,28,250,O,20260105,3,WB32,,,Yibing Wu,R,183,CHN,26.229,179,322,M0CI,,,Fabian Marozsan,R,193,HUN,26.245,53,975,6-4 6-2,3,R32,74,2,0,63,40,31,10,9,3,3,2,1,49,30,21,8,9,2,5
2026-9900,United Cup,Hard,18,A,O,20260105,14,TE51,,,Stefanos Tsitsipas,R,193,GRE,27.4,36,1380,HD68,,,Billy Harris,R,193,GBR,30.946,128,482,4-6 6-1 7-6(4),3,RR,136,5,2,84,54,46,18,15,1,2,4,3,83,51,40,17,14,4,6
2026-9900,United Cup,Hard,18,A,O,20260106,15,BU13,,,Zizou Bergs,R,185,BEL,26.595,42,1208,AG37,,,Felix Auger-Aliassime,R,193,CAN,25.413,5,4190,6-4 6-2,3,RR,88,4,0,50,30,22,16,9,5,5,8,5,62,38,28,6,9,7,10
2026-339,Brisbane,Hard,32,250,O,20260106,10,N0AE,,,Brandon Nakashima,R,188,USA,24.427,33,1380,DH50,2,,Alejandro Davidovich Fokina,R,180,ESP,26.59,14,2585,7-6(4) 6-4,3,R32,100,15,2,69,39,33,18,11,2,3,6,1,72,45,31,15,11,5,7
2026-339,Brisbane,Hard,32,250,O,20260106,11,C0JP,,,Raphael Collignon,R,191,BEL,23.981,84,704,SU55,5,,Denis Shapovalov,L,185,CAN,26.73,23,1665,6-4 6-2,3,R32,76,2,0,48,35,29,8,9,0,0,3,3,65,35,20,16,9,9,12
2026-336,Hong Kong,Hard,28,250,O,20260106,4,MP01,,,Michael Mmoh,R,188,USA,27.989,285,184,TE30,,,Alejandro Tabilo,L,188,CHI,28.597,81,717,7-5 6-4,3,R32,111,13,3,76,49,39,13,11,6,6,6,1,65,39,28,15,11,4,6
2026-336,Hong Kong,Hard,28,250,O,20260106,5,SU87,5,,Lorenzo Sonego,R,191,ITA,30.658,39,1240,S0UV,,,Rei Sakamoto,R,193,JPN,19.537,200,292,6-2 7-6(4),3,R32,105,4,0,63,39,30,15,10,1,2,1,2,78,43,25,20,10,3,6
2026-336,Hong Kong,Hard,28,250,O,20260106,6,D0F6,6,,Gabriel Diallo,R,203,CAN,24.285,40,1215,D0C1,,,Jesper de Jong,R,180,NED,25.602,71,763,6-4 7-6(7),3,R32,105,9,2,73,47,39,16,11,0,0,8,4,69,42,34,16,11,0,1
2026-336,Hong Kong,Hard,28,250,O,20260106,7,MP20,7,,Alexandre Muller,R,183,FRA,28.928,52,980,KI95,,,Miomir Kecmanovic,R,183,SRB,26.352,51,1000,7-5 6-4,3,R32,77,9,2,59,43,33,8,11,3,5,7,0,62,43,30,7,11,0,4
2026-336,Hong Kong,Hard,28,250,O,20260106,8,EA24,,,Tomas Martin Etcheverry,R,196,ARG,26.472,57,895,R0EB,,,Valentin Royer,R,188,FRA,24.608,56,924,6-4 7-5,3,R32,104,8,0,56,33,26,16,11,1,2,9,1,72,49,29,15,11,9,12
2026-336,Hong Kong,Hard,28,250,O,20260106,9,W0BH,,,Coleman Wong,R,191,HKG,21.585,150,406,N0BS,,,Mariano Navone,R,178,ARG,24.857,72,760,6-3 7-5,3,R32,101,4,2,72,37,27,18,10,6,8,3,3,74,47,31,8,11,6,11
2026-339,Brisbane,Hard,32,250,O,20260106,12,D875,,,Grigor Dimitrov,R,191,BUL,34.645,47,1080,CD85,,,Pablo Carreno Busta,R,188,ESP,34.489,92,656,6-3 6-2,3,R32,67,7,1,49,30,26,12,9,1,1,4,1,45,32,21,6,8,1,4
2026-339,Brisbane,Hard,32,250,O,20260106,13,M0GZ,,,Giovanni Mpetshi Perricard,R,203,FRA,22.5,67,825,PL56,4,,Tommy Paul,R,185,USA,28.641,20,2050,7-6(2) 3-6 7-6(6),3,R32,131,24,4,110,80,60,19,16,2,3,6,1,96,63,50,27,17,1,1
2026-339,Brisbane,Hard,32,250,O,20260106,14,N771,7,,Cameron Norrie,L,188,GBR,30.374,28,1523,HH26,,,Ugo Humbert,L,188,FRA,27.532,36,1355,1-6 7-6(6) 7-5,3,R32,155,10,4,104,65,43,18,16,2,7,13,4,101,55,39,23,15,7,10
2026-339,Brisbane,Hard,32,250,O,20260106,15,H0BH,,,Rinky Hijikata,R,178,AUS,24.868,111,546,W09E,,,Adam Walton,R,183,AUS,26.724,77,732,6-3 6-2,3,R32,72,7,0,54,33,22,13,9,1,2,4,1,48,32,18,8,8,4,8
2026-339,Brisbane,Hard,32,250,O,20260106,16,K0AZ,,,Aleksandar Kovacevic,R,183,USA,27.357,58,877,KE17,,,Nick Kyrgios,R,193,AUS,30.697,,,6-3 6-4,3,R32,66,10,3,47,26,25,15,10,0,0,5,0,46,29,23,10,9,0,2
2026-9900,United Cup,Hard,18,A,O,20260106,16,RC91,,,Arthur Rinderknech,R,196,FRA,30.459,29,1527,C0E9,,,Flavio Cobolli,R,183,ITA,23.671,22,2000,6-7(4) 7-6(5) 7-5,3,RR,201,13,3,123,65,49,29,18,7,11,5,5,123,58,40,35,18,8,13
2026-9900,United Cup,Hard,18,A,O,20260106,17,DH58,,,Alex de Minaur,R,183,AUS,26.886,7,4080,M0NI,,,Jakub Mensik,R,196,CZE,20.348,18,2130,6-4 6-1,3,RR,91,4,0,62,38,26,14,8,4,4,3,3,58,34,23,8,9,2,6
2026-336,Hong Kong,Hard,28,250,O,20260106,10,S0RE,,,Juncheng Shang,L,180,CHN,20.925,406,115,C0DF,,,Francisco Comesana,R,178,ARG,25.251,66,829,6-4 6-4,3,R32,77,6,0,58,39,30,12,10,1,1,7,2,52,37,27,10,10,3,5
2026-336,Hong Kong,Hard,28,250,O,20260106,11,GC88,,,Marcos Giron,R,180,USA,32.454,64,845,DB63,,,Laslo Djere,R,188,SRB,30.598,95,652,6-2 6-0,3,R32,59,1,3,42,27,21,8,7,0,0,4,2,50,32,16,6,7,2,7
2026-336,Hong Kong,Hard,28,250,O,20260106,12,V812,,,Botic van de Zandschulp,R,191,NED,30.259,75,746,SL28,,,Jan-Lennard Struff,R,193,GER,35.702,82,711,6-3 1-6 6-1,3,R32,94,4,5,72,43,29,14,12,5,8,3,4,72,45,27,14,11,4,8
2026-339,Brisbane,Hard,32,250,O,20260107,17,MM58,1,,Daniil Medvedev,R,198,RUS,29.906,13,2710,TD51,,,Frances Tiafoe,R,188,USA,27.964,30,1500,6-3 6-2,3,R16,60,9,4,48,34,31,6,9,0,0,2,0,42,25,20,6,8,3,6
2026-339,Brisbane,Hard,32,250,O,20260107,18,K0AH,,,Sebastian Korda,R,196,USA,25.509,46,1090,L0BV,3,,Jiri Lehecka,R,185,CZE,24.164,19,2075,6-3 1-2 RET,3,R16,46,6,1,28,16,16,8,6,0,0,6,0,41,27,21,5,6,3,4
2026-339,Brisbane,Hard,32,250,O,20260107,19,M0QI,,,Alex Michelsen,R,193,USA,21.369,37,1300,T0HA,8,,Learner Tien,L,180,USA,20.099,28,1540,6-4 6-2,3,R16,75,4,1,53,34,28,10,9,1,1,8,8,60,34,22,13,9,6,9
2026-9900,United Cup,Hard,18,A,O,20260107,18,TE51,,,Stefanos Tsitsipas,R,193,GRE,27.406,36,1380,FB98,,,Taylor Fritz,R,196,USA,28.194,6,4085,6-4 7-5,3,QF,81,5,2,63,44,35,11,11,2,2,6,0,53,32,26,13,11,1,3
2026-9900,United Cup,Hard,18,A,O,20260107,19,HB71,,,Hubert Hurkacz,R,196,POL,28.903,83,710,GJ37,,,Tallon Griekspoor,R,188,NED,29.517,26,1565,6-3 7-6(4),3,RR,82,21,0,55,41,37,11,11,0,0,4,0,59,39,26,13,10,0,1
2026-336,Hong Kong,Hard,28,250,O,20260107,13,M0EJ,1,,Lorenzo Musetti,R,185,ITA,23.849,7,3990,EA24,,,Tomas Martin Etcheverry,R,196,ARG,26.475,57,895,6-7(3) 6-2 6-4,3,R16,161,8,3,96,69,46,17,15,1,3,10,0,94,67,45,12,15,3,8
2026-336,Hong Kong,Hard,28,250,O,20260107,14,BT72,8,,Nuno Borges,R,185,POR,28.882,45,1120,C977,,,Marin Cilic,R,198,CRO,37.276,70,765,7-5 6-3,3,R16,81,5,1,61,37,32,12,11,1,2,9,5,52,32,22,10,10,1,4
2026-336,Hong Kong,Hard,28,250,O,20260107,15,W0BH,,,Coleman Wong,R,191,HKG,21.588,150,406,D0F6,6,,Gabriel Diallo,R,203,CAN,24.287,40,1215,1-6 7-5 7-5,3,R16,149,10,3,107,63,42,21,15,11,15,9,3,108,75,50,15,16,7,11
2026-336,Hong Kong,Hard,28,250,O,20260107,16,RE44,3,,Andrey Rublev,R,188,RUS,28.216,16,2510,WB32,,,Yibing Wu,R,183,CHN,26.234,179,322,3-6 6-2 6-1,3,R16,97,10,2,77,51,38,12,12,3,5,5,1,72,42,28,11,12,2,7
2026-339,Brisbane,Hard,32,250,O,20260107,20,MQ75,,,Kamil Majchrzak,R,183,POL,29.985,59,861,O522,,,Reilly Opelka,R,211,USA,28.361,60,861,6-7(2) 7-6(7) 7-6(8),3,R16,149,13,2,108,76,66,22,18,0,0,44,4,122,99,78,14,18,3,3
2026-9900,United Cup,Hard,18,A,O,20260107,20,B0BI,,,Sebastian Baez,R,170,ARG,25.027,45,1145,W367,,,Stan Wawrinka,R,183,SUI,40.78,157,397,7-5 6-4,3,QF,98,3,1,73,57,41,9,11,5,5,11,2,66,36,29,14,11,2,4
2026-339,Brisbane,Hard,32,250,O,20260108,21,K0AZ,,,Aleksandar Kovacevic,R,183,USA,27.362,58,877,N771,7,,Cameron Norrie,L,188,GBR,30.379,28,1523,7-6(4) 4-6 6-4,3,R16,148,21,4,112,62,46,30,16,3,4,11,4,93,59,51,16,16,1,2
2026-339,Brisbane,Hard,32,250,O,20260108,22,N0AE,,,Brandon Nakashima,R,188,USA,24.433,33,1380,HB64,,,Quentin Halys,R,191,FRA,29.202,91,669,6-2 6-4,3,R16,76,12,0,60,44,32,9,9,2,2,6,4,56,35,24,9,9,6,9
2026-339,Brisbane,Hard,32,250,O,20260108,23,M0GZ,,,Giovanni Mpetshi Perricard,R,203,FRA,22.505,67,825,H0BH,,,Rinky Hijikata,R,178,AUS,24.873,111,546,4-6 7-6(5) 7-6(4),3,R16,133,29,2,102,75,61,18,17,2,3,5,2,111,80,61,21,17,4,4
2026-336,Hong Kong,Hard,28,250,O,20260108,17,GC88,,,Marcos Giron,R,180,USA,32.46,64,845,MP20,7,,Alexandre Muller,R,183,FRA,28.934,52,980,6-4 7-6(4),3,R16,96,3,1,68,47,32,12,11,1,4,3,2,76,47,28,12,11,5,9
2026-336,Hong Kong,Hard,28,250,O,20260108,18,S0RE,,,Juncheng Shang,L,180,CHN,20.931,406,115,SU87,5,,Lorenzo Sonego,R,191,ITA,30.664,39,1240,6-3 6-4,3,R16,82,7,3,70,49,38,11,10,5,5,5,2,44,33,24,7,9,1,3
2026-9900,United Cup,Hard,18,A,O,20260108,21,BU13,7,,Zizou Bergs,R,185,BEL,26.601,42,1208,M0NI,11,,Jakub Mensik,R,196,CZE,20.353,18,2130,6-2 7-6(4),3,QF,100,7,2,79,43,31,20,10,3,5,6,5,59,33,22,13,10,3,7
2026-336,Hong Kong,Hard,28,250,O,20260108,19,BK92,2,,Alexander Bublik,R,196,KAZ,28.561,11,2845,V812,,,Botic Van De Zandschulp,,,,,,,6-3 6-3,3,R16,70,12,4,53,38,33,5,9,2,2,8,6,57,30,23,9,9,1,4
2026-336,Hong Kong,Hard,28,250,O,20260108,20,MP01,,,Michael Mmoh,R,188,USA,27.995,285,184,KE29,4,,Karen Khachanov,R,198,RUS,29.634,17,2320,7-6(2) 7-6(4),3,R16,122,11,2,86,59,47,15,12,4,5,12,1,77,51,42,12,12,2,3
2026-339,Brisbane,Hard,32,250,O,20260108,24,C0JP,,,Raphael Collignon,R,191,BEL,23.986,84,704,D875,,,Grigor Dimitrov,R,191,BUL,34.65,47,1080,7-6(1) 6-3,3,R16,108,10,2,66,44,36,14,11,3,3,11,2,81,40,31,17,10,6,7
2026-339,Brisbane,Hard,32,250,O,20260109,25,K0AZ,,,Aleksandar Kovacevic,R,183,USA,27.365,58,877,M0GZ,,,Giovanni Mpetshi Perricard,R,203,FRA,22.508,67,825,7-6(3) 4-6 6-3,3,QF,107,13,3,81,52,45,21,16,0,1,24,1,87,61,50,15,15,4,5
2026-336,Hong Kong,Hard,28,250,O,20260109,21,M0EJ,1,,Lorenzo Musetti,R,185,ITA,23.855,7,3990,W0BH,,,Coleman Wong,R,191,HKG,21.593,150,406,6-4 6-4,3,QF,75,2,2,52,31,21,17,10,0,1,6,2,57,43,31,4,10,3,6
2026-339,Brisbane,Hard,32,250,O,20260109,26,N0AE,,,Brandon Nakashima,R,188,USA,24.435,33,1380,C0JP,,,Raphael Collignon,R,191,BEL,23.989,84,704,6-3 6-3,3,QF,82,7,0,63,49,39,6,9,6,6,3,1,50,29,21,10,9,2,5
2026-336,Hong Kong,Hard,28,250,O,20260109,22,RE44,3,,Andrey Rublev,R,188,RUS,28.222,16,2510,BT72,8,,Nuno Borges,R,185,POR,28.887,45,1120,6-3 6-4,3,QF,73,7,1,50,38,34,7,10,1,1,2,0,69,47,33,7,9,6,8
2026-339,Brisbane,Hard,32,250,O,20260109,27,M0QI,,,Alex Michelsen,R,193,USA,21.374,37,1300,K0AH,,,Sebastian Korda,R,196,USA,25.514,46,1090,6-3 7-6(7),3,QF,99,3,3,76,49,34,19,11,1,1,8,1,67,38,31,13,10,1,2
2026-336,Hong Kong,Hard,28,250,O,20260109,23,GC88,,,Marcos Giron,R,180,USA,32.463,64,845,MP01,,,Michael Mmoh,R,188,USA,27.997,285,184,6-3 1-0 RET,3,QF,49,3,0,40,31,22,4,5,6,7,0,2,29,18,11,3,5,2,5
2026-336,Hong Kong,Hard,28,250,O,20260109,24,BK92,2,,Alexander Bublik,R,196,KAZ,28.564,11,2845,S0RE,,,Juncheng Shang,L,180,CHN,20.934,406,115,6-1 7-6(2),3,QF,85,15,2,58,39,34,13,10,1,1,3,3,68,39,24,17,9,2,4
2026-339,Brisbane,Hard,32,250,O,20260109,28,MM58,1,,Daniil Medvedev,R,198,RUS,29.911,13,2710,MQ75,,,Kamil Majchrzak,R,183,POL,29.99,59,861,6-7(4) 6-3 6-2,3,QF,132,16,4,93,61,48,14,15,5,6,4,0,90,54,34,18,14,5,9
2026-9900,United Cup,Hard,18,A,O,20260109,22,DH58,4,,Alex de Minaur,R,183,AUS,26.894,7,4080,HB71,9,,Hubert Hurkacz,R,196,POL,28.909,83,710,6-4 4-6 6-4,3,QF,138,6,1,104,57,47,25,15,10,11,19,0,85,63,47,12,15,2,4
2026-339,Brisbane,Hard,32,250,O,20260110,29,N0AE,,,Brandon Nakashima,R,188,USA,24.438,33,1380,K0AZ,,,Aleksandar Kovacevic,R,183,USA,27.368,58,877,7-6(4) 6-4,3,SF,104,15,1,73,51,38,12,11,2,2,14,4,77,49,38,12,11,2,3
2026-9900,United Cup,Hard,18,A,O,20260110,23,BU13,,,Zizou Bergs,R,185,BEL,26.606,42,1208,W367,,,Stan Wawrinka,R,183,SUI,40.789,157,397,6-3 6-7(4) 6-3,3,SF,150,7,4,100,59,42,29,16,2,2,8,1,104,59,40,26,14,4,6
2026-336,Hong Kong,Hard,28,250,O,20260110,25,M0EJ,1,,Lorenzo Musetti,R,185,ITA,23.858,7,3990,RE44,3,,Andrey Rublev,R,188,RUS,28.225,16,2510,6-7(3) 7-5 6-4,3,SF,163,5,2,117,86,65,14,17,7,8,7,0,105,68,50,19,17,7,10
2026-339,Brisbane,Hard,32,250,O,20260110,30,MM58,1,,Daniil Medvedev,R,198,RUS,29.914,13,2710,M0QI,,,Alex Michelsen,R,193,USA,21.377,37,1300,6-4 6-2,3,SF,102,9,7,75,46,32,14,9,7,8,4,1,65,42,22,12,9,4,8
2026-9900,United Cup,Hard,18,A,O,20260110,24,HB71,,,Hubert Hurkacz,R,196,POL,28.912,83,710,FB98,,,Taylor Fritz,R,196,USA,28.203,6,4085,7-6(1) 7-6(2),3,SF,94,16,3,76,59,50,7,12,2,2,12,0,73,47,37,13,12,1,1
2026-336,Hong Kong,Hard,28,250,O,20260110,26,BK92,2,,Alexander Bublik,R,196,KAZ,28.567,11,2845,GC88,,,Marcos Giron,R,180,USA,32.465,64,845,3-6 6-4 6-2,3,SF,101,9,4,82,54,42,14,14,6,8,5,1,82,55,36,14,13,0,3
2026-336,Hong Kong,Hard,28,250,O,20260111,27,BK92,2,,Alexander Bublik,R,196,KAZ,28.569,11,2845,M0EJ,1,,Lorenzo Musetti,R,185,ITA,23.86,7,3990,7-6(2) 6-3,3,F,98,10,4,67,51,40,7,10,2,3,5,1,73,46,29,15,11,4,7
2026-339,Brisbane,Hard,32,250,O,20260111,31,MM58,1,,Daniil Medvedev,R,198,RUS,29.916,13,2710,N0AE,,,Brandon Nakashima,R,188,USA,24.441,33,1380,6-2 7-6(1),3,F,95,10,4,73,51,36,13,10,3,4,3,0,53,33,26,8,10,2,5
2026-9900,United Cup,Hard,18,A,O,20260111,25,HB71,,,Hubert Hurkacz,R,196,POL,28.914,83,710,W367,,,Stan Wawrinka,R,183,SUI,40.791,157,397,6-3 3-6 6-3,3,F,114,18,0,90,63,52,9,14,8,9,10,1,78,49,38,15,13,5,7
2026-301,Auckland,Hard,32,250,O,20260112,1,N771,5,,Cameron Norrie,L,188,GBR,30.39,28,1523,G09O,,,Hugo Gaston,L,173,FRA,25.295,94,653,6-3 6-4,3,R32,80,3,2,48,33,29,8,9,0,0,4,6,75,44,29,15,10,5,8
2026-301,Auckland,Hard,32,250,O,20260112,2,B0CD,,,Jenson Brooksby,R,193,USA,25.213,48,1017,W0ED,,,James Watt,R,206,NZL,25.593,,,6-4 6-3,3,R32,86,2,3,66,48,34,10,9,3,3,4,3,68,51,33,7,10,10,13
2026-301,Auckland,Hard,32,250,O,20260112,3,C0DF,,,Francisco Comesana,R,178,ARG,25.268,66,829,R0EB,,,Valentin Royer,R,188,FRA,24.624,56,924,6-4 6-4,3,R32,80,10,1,51,37,32,8,10,0,0,4,4,63,44,35,5,10,1,3
2026-301,Auckland,Hard,32,250,O,20260112,4,S0JA,,,Eliot Spizzirri,R,185,USA,24.055,89,672,ME82,,,Adrian Mannarino,L,180,FRA,37.539,68,817,6-4 6-3,3,R32,80,5,0,44,28,25,12,9,0,0,4,3,63,27,19,16,10,2,5
2026-8998,Adelaide,Hard,28,250,O,20260112,1,O522,,,Reilly Opelka,R,211,USA,28.375,60,861,P09Z,,,Alexei Popyrin,R,196,AUS,26.439,50,1000,6-3 7-6(6),3,R32,83,22,4,64,50,44,8,11,1,1,10,0,57,39,35,9,10,1,2
2026-301,Auckland,Hard,32,250,O,20260112,5,B0BI,7,,Sebastian Baez,R,170,ARG,25.04,39,1250,N0AM,,,Emilio Nava,R,185,USA,24.112,88,677,4-6 7-5 6-3,3,R32,143,3,1,111,91,57,15,15,5,6,10,1,96,60,43,20,16,6,9
2026-8998,Adelaide,Hard,28,250,O,20260112,2,VA25,5,,Valentin Vacherot,R,193,MON,27.157,32,1469,KI95,,,Miomir Kecmanovic,R,183,SRB,26.368,59,910,7-6(5) 6-4,3,R32,96,12,3,85,64,44,9,11,6,8,4,3,67,46,32,11,11,1,4
2026-8998,Adelaide,Hard,28,250,O,20260112,3,MU94,,,Jaume Munar,R,183,ESP,28.69,38,1295,AE14,,,Daniel Altmaier,R,188,GER,27.335,44,1123,6-3 6-0,3,R32,64,3,2,32,20,17,8,7,0,1,3,2,52,29,13,9,8,2,8
2026-8998,Adelaide,Hard,28,250,O,20260112,4,KD46,,,Thanasi Kokkinakis,R,193,AUS,29.758,,,K0AH,,,Sebastian Korda,R,196,USA,25.522,51,975,3-6 6-3 7-6(3),3,R32,146,15,1,100,61,43,24,15,6,9,8,3,90,45,33,27,15,2,5
2026-8998,Adelaide,Hard,28,250,O,20260112,5,HH26,,,Ugo Humbert,L,188,FRA,27.548,36,1355,A0GC,,,Terence Atmane,L,193,FRA,24.008,64,862,6-3 7-6(3),3,R32,92,5,2,67,40,34,18,11,3,3,7,3,67,36,26,19,10,5,6
2026-301,Auckland,Hard,32,250,O,20260113,6,M0CI,,,Fabian Marozsan,R,193,HUN,26.267,52,975,MC65,,,Gael Monfils,R,193,FRA,39.368,110,550,5-7 6-3 6-4,3,R32,120,6,2,96,57,41,25,16,2,4,10,6,93,56,40,18,15,5,8
2026-301,Auckland,Hard,32,250,O,20260113,7,M0QI,6,,Alex Michelsen,R,193,USA,21.385,37,1350,N0BS,,,Mariano Navone,R,178,ARG,24.876,74,760,2-6 6-2 7-5,3,R32,145,2,0,85,54,37,14,14,2,6,4,3,108,65,39,22,14,10,15
2026-301,Auckland,Hard,32,250,O,20260113,8,GC88,,,Marcos Giron,R,180,USA,32.474,60,895,MP20,,,Alexandre Muller,R,183,FRA,28.947,50,980,6-2 6-2,3,R32,73,1,0,59,38,30,12,8,6,6,3,3,45,28,18,6,8,1,5
2026-301,Auckland,Hard,32,250,O,20260113,9,M0JF,,,Hamad Medjedovic,R,188,SRB,22.491,96,643,K0AZ,,,Aleksandar Kovacevic,R,183,USA,27.376,54,964,6-4 3-6 7-6(2),3,R32,117,12,3,85,60,50,14,15,2,3,15,1,89,60,52,13,16,1,2
2026-301,Auckland,Hard,32,250,O,20260113,10,M0GZ,,,Giovanni Mpetshi Perricard,R,203,FRA,22.519,63,865,BD06,,,Roberto Bautista Agut,R,183,ESP,37.749,90,670,6-3 7-6(2),3,R32,96,22,4,75,54,41,9,11,6,7,2,2,71,54,35,10,10,6,8
2026-301,Auckland,Hard,32,250,O,20260113,11,TE30,,,Alejandro Tabilo,L,188,CHI,28.616,81,722,U182,,,Camilo Ugo Carabelli,R,185,ARG,26.576,47,1028,6-4 6-2,3,R32,62,9,0,41,31,29,7,9,0,0,4,3,48,29,21,6,9,0,3
2026-8998,Adelaide,Hard,28,250,O,20260113,6,M0FH,8,,Tomas Machac,R,183,CZE,25.251,35,1360,D994,,,James Duckworth,R,183,AUS,33.979,86,694,6-3 6-3,3,R32,71,11,0,50,33,29,10,9,2,2,7,0,54,30,20,14,9,2,5
2026-8998,Adelaide,Hard,28,250,O,20260113,7,HB64,,,Quentin Halys,R,191,FRA,29.216,85,697,F0BY,,,Jacob Fearnley,R,183,GBR,24.498,77,752,6-3 6-4,3,R32,78,11,1,57,34,25,13,10,3,5,2,7,59,38,27,6,9,5,9
2026-8998,Adelaide,Hard,28,250,O,20260113,8,H0BH,,,Rinky Hijikata,R,178,AUS,24.887,115,527,S0N0,,,Tristan Schoolkate,R,183,AUS,24.879,97,641,6-4 6-4,3,R32,79,4,1,52,33,26,13,10,3,4,8,5,59,30,22,14,10,3,6
2026-8998,Adelaide,Hard,28,250,O,20260113,9,S0H2,,,Alexander Shevchenko,R,188,KAZ,25.123,104,597,D923,,,Damir Dzumhur,R,175,BIH,33.651,66,837,4-6 6-4 7-5,3,R32,147,7,5,102,61,41,20,16,4,9,1,1,100,61,40,15,16,4,10
2026-301,Auckland,Hard,32,250,O,20260113,12,BT72,8,,Nuno Borges,R,185,POR,28.898,46,1070,EA24,,,Tomas Martin Etcheverry,R,196,ARG,26.491,61,895,7-5 3-6 7-6(2),3,R32,149,8,2,108,80,63,13,16,2,3,6,2,91,51,42,28,17,0,1
2026-8998,Adelaide,Hard,28,250,O,20260113,10,V832,,,Aleksandar Vukic,R,188,AUS,29.771,87,693,TE51,7,,Stefanos Tsitsipas,R,193,GRE,27.422,33,1455,7-6(3) 7-6(5),3,R32,113,6,0,94,57,38,26,12,4,4,13,0,77,50,44,13,12,4,4
2026-8998,Adelaide,Hard,28,250,O,20260113,11,F724,,,Marton Fucsovics,R,188,HUN,33.93,55,949,Q02L,,,Ethan Quinn,R,191,USA,21.84,78,733,6-4 6-4,3,R32,95,5,2,73,45,32,15,10,6,7,5,3,60,32,23,12,10,1,4
2026-8998,Adelaide,Hard,28,250,O,20260113,12,VA08,,,Andrea Vavassori,R,193,ITA,30.694,336,147,D0F6,,,Gabriel Diallo,R,203,CAN,24.304,41,1215,6-3 7-6(4),3,R32,109,5,3,70,42,36,13,11,0,1,5,3,66,42,32,11,10,1,3
2026-301,Auckland,Hard,32,250,O,20260114,13,M0NI,3,,Jakub Mensik,R,196,CZE,20.37,18,2125,M0JF,,,Hamad Medjedovic,R,188,SRB,22.494,96,643,6-1 3-6 6-3,3,R16,134,22,4,97,55,45,17,13,11,13,9,7,91,55,34,15,12,6,10
2026-301,Auckland,Hard,32,250,O,20260114,14,S0S1,1,,Ben Shelton,L,193,USA,23.266,8,3960,C0DF,,,Francisco Comesana,R,178,ARG,25.273,66,829,7-5 6-4,3,R16,102,12,3,73,55,43,10,11,6,6,1,1,66,48,33,10,11,2,4
2026-301,Auckland,Hard,32,250,O,20260114,15,M0CI,,,Fabian Marozsan,R,193,HUN,26.27,52,975,RH16,2,,Casper Ruud,R,183,NOR,27.064,13,2795,6-4 6-4,3,R16,81,4,0,58,41,34,9,10,1,1,6,0,63,43,33,8,10,7,9
2026-301,Auckland,Hard,32,250,O,20260114,16,D0FJ,4,,Luciano Darderi,R,183,ITA,23.915,24,1579,TE30,,,Alejandro Tabilo,L,188,CHI,28.619,81,722,1-6 7-5 6-3,3,R16,108,9,3,77,46,34,16,14,5,8,11,3,76,48,38,12,14,2,5
2026-301,Auckland,Hard,32,250,O,20260114,17,M0GZ,,,Giovanni Mpetshi Perricard,R,203,FRA,22.522,63,865,N771,5,,Cameron Norrie,L,188,GBR,30.396,28,1523,4-6 6-3 7-6(4),3,R16,122,25,3,102,73,57,15,16,3,4,3,2,81,55,43,19,15,3,4
2026-301,Auckland,Hard,32,250,O,20260114,18,GC88,,,Marcos Giron,R,180,USA,32.476,60,895,M0QI,6,,Alex Michelsen,R,193,USA,21.388,37,1350,6-4 6-4,3,R16,87,4,0,51,39,30,7,10,0,1,4,3,74,49,33,10,10,5,8
2026-301,Auckland,Hard,32,250,O,20260114,19,B0BI,7,,Sebastian Baez,R,170,ARG,25.046,39,1250,B0CD,,,Jenson Brooksby,R,193,USA,25.218,48,1017,7-5 6-0,3,R16,87,1,3,68,55,33,7,9,7,9,0,5,53,35,16,6,9,0,6
2026-301,Auckland,Hard,32,250,O,20260114,20,S0JA,,,Eliot Spizzirri,R,185,USA,24.06,89,672,BT72,8,,Nuno Borges,R,185,POR,28.901,46,1070,7-6(6) 6-4,3,R16,98,7,0,66,49,40,9,11,1,2,4,0,76,55,40,11,11,4,6
2026-8998,Adelaide,Hard,28,250,O,20260114,13,DH50,1,,Alejandro Davidovich Fokina,R,180,ESP,26.612,15,2585,H0BH,,,Rinky Hijikata,R,178,AUS,24.89,115,527,6-3 6-2,3,R16,83,0,2,43,25,19,8,8,3,5,1,3,62,34,19,9,9,5,11
2026-8998,Adelaide,Hard,28,250,O,20260114,14,PL56,2,,Tommy Paul,R,185,USA,28.663,21,2000,O522,,,Reilly Opelka,R,211,USA,28.381,60,861,6-4 6-4,3,R16,71,6,2,54,31,26,16,10,0,0,15,1,55,36,28,9,10,3,5
2026-8998,Adelaide,Hard,28,250,O,20260114,15,MU94,,,Jaume Munar,R,183,ESP,28.695,38,1295,C0AU,3,,Francisco Cerundolo,R,185,ARG,27.422,20,2035,3-6 7-5 6-4,3,R16,148,14,3,89,61,45,15,16,4,7,2,3,99,59,41,23,15,9,12
2026-8998,Adelaide,Hard,28,250,O,20260114,16,HH26,,,Ugo Humbert,L,188,FRA,27.554,36,1355,GJ37,4,,Tallon Griekspoor,R,188,NED,29.536,25,1565,6-4 6-1,3,R16,78,3,2,52,30,24,13,9,4,5,2,4,56,42,22,6,8,4,8
2026-8998,Adelaide,Hard,28,250,O,20260114,17,VA25,5,,Valentin Vacherot,R,193,MON,27.162,32,1469,KD46,,,Thanasi Kokkinakis,R,193,AUS,29.763,,,W/O,3,R16,133,7,1,91,54,39,25,16,1,3,14,10,101,60,44,19,15,2,6
2026-8998,Adelaide,Hard,28,250,O,20260114,18,M0FH,8,,Tomas Machac,R,183,CZE,25.254,35,1360,HB64,,,Quentin Halys,R,191,FRA,29.218,85,697,6-4 6-2,3,R16,74,6,2,59,40,29,9,9,1,2,4,1,56,33,22,9,9,2,6
2026-8998,Adelaide,Hard,28,250,O,20260114,19,S0H2,,,Alexander Shevchenko,R,188,KAZ,25.125,104,597,F724,,,Marton Fucsovics,R,188,HUN,33.933,55,949,6-3 7-6(6),3,R16,100,9,0,63,45,39,11,11,3,3,7,0,74,46,34,15,10,9,10
2026-8998,Adelaide,Hard,28,250,O,20260114,20,V832,,,Aleksandar Vukic,R,188,AUS,29.774,87,693,VA08,,,Andrea Vavassori,R,193,ITA,30.697,336,147,6-2 7-6(5),3,R16,105,7,0,63,36,30,15,10,1,2,8,6,78,51,37,8,10,8,11
2026-301,Auckland,Hard,32,250,O,20260115,21,GC88,,,Marcos Giron,R,180,USA,32.479,60,895,D0FJ,4,,Luciano Darderi,R,183,ITA,23.918,24,1579,1-6 7-5 6-4,3,QF,155,8,4,88,56,37,13,14,6,11,12,1,93,47,36,20,15,5,10
2026-8998,Adelaide,Hard,28,250,O,20260115,21,M0FH,8,,Tomas Machac,R,183,CZE,25.257,35,1360,MU94,,,Jaume Munar,R,183,ESP,28.698,38,1295,6-4 6-4,3,QF,90,2,0,61,37,28,16,10,4,4,4,0,59,41,28,10,10,4,6
2026-8998,Adelaide,Hard,28,250,O,20260115,22,PL56,2,,Tommy Paul,R,185,USA,28.665,21,2000,V832,,,Aleksandar Vukic,R,188,AUS,29.777,87,693,6-3 6-2,3,QF,62,9,0,48,26,20,15,9,0,1,1,2,51,28,17,7,8,3,7
2026-8998,Adelaide,Hard,28,250,O,20260115,23,HH26,,,Ugo Humbert,L,188,FRA,27.556,36,1355,S0H2,,,Alexander Shevchenko,R,188,KAZ,25.128,104,597,6-0 6-3,3,QF,57,7,1,44,33,28,7,8,3,3,1,4,41,28,15,3,7,3,7
2026-8998,Adelaide,Hard,28,250,O,20260115,24,DH50,1,,Alejandro Davidovich Fokina,R,180,ESP,26.615,15,2585,VA25,5,,Valentin Vacherot,R,193,MON,27.165,32,1469,7-6(4) 6-2,3,QF,92,3,1,62,46,35,11,10,0,1,15,4,65,49,32,8,10,2,5
2026-301,Auckland,Hard,32,250,O,20260116,24,B0BI,7,,Sebastian Baez,R,170,ARG,25.051,39,1250,S0S1,1,,Ben Shelton,L,193,USA,23.272,8,3960,7-5 6-3,3,QF,98,0,1,61,49,33,6,10,3,5,6,1,73,53,29,8,11,6,11
2026-301,Auckland,Hard,32,250,O,20260116,25,M0NI,3,,Jakub Mensik,R,196,CZE,20.375,18,2125,M0GZ,,,Giovanni Mpetshi Perricard,R,203,FRA,22.527,63,865,6-4 6-2,3,QF,65,8,3,43,27,23,9,9,0,1,5,2,51,33,19,7,9,5,9
2026-301,Auckland,Hard,32,250,O,20260116,26,M0CI,,,Fabian Marozsan,R,193,HUN,26.275,52,975,S0JA,,,Eliot Spizzirri,R,185,USA,24.066,89,672,6-4 2-6 6-2,3,QF,104,9,2,73,52,35,8,13,2,6,5,1,66,34,26,15,13,2,7
2026-301,Auckland,Hard,32,250,O,20260116,22,M0NI,3,,Jakub Mensik,R,196,CZE,20.375,18,2125,M0CI,,,Fabian Marozsan,R,193,HUN,26.275,52,975,7-6(9) 4-6 6-1,3,SF,127,16,5,98,58,43,21,15,5,8,3,2,96,64,45,15,14,3,7
2026-301,Auckland,Hard,32,250,O,20260116,23,B0BI,7,,Sebastian Baez,R,170,ARG,25.051,39,1250,GC88,,,Marcos Giron,R,180,USA,32.482,60,895,6-1 6-4,3,SF,87,5,1,52,43,30,7,9,1,2,3,4,80,47,29,11,8,11,15
2026-8998,Adelaide,Hard,28,250,O,20260116,25,M0FH,8,,Tomas Machac,R,183,CZE,25.259,35,1360,PL56,2,,Tommy Paul,R,185,USA,28.668,21,2000,2-6 6-3 6-3,3,SF,111,8,2,84,51,40,14,13,2,4,3,0,82,49,31,18,13,5,8
2026-8998,Adelaide,Hard,28,250,O,20260116,26,HH26,,,Ugo Humbert,L,188,FRA,27.559,36,1355,DH50,1,,Alejandro Davidovich Fokina,R,180,ESP,26.617,15,2585,6-3 5-7 7-6(4),3,SF,152,10,2,101,68,53,18,17,0,1,5,2,103,73,51,18,16,2,3
2026-301,Auckland,Hard,32,250,O,20260117,27,M0NI,3,,Jakub Mensik,R,196,CZE,20.378,18,2125,B0BI,7,,Sebastian Baez,R,170,ARG,25.054,39,1250,6-3 7-6(7),3,F,82,18,3,67,41,39,9,11,1,2,2,3,65,52,35,6,10,3,5
2026-8998,Adelaide,Hard,28,250,O,20260117,27,M0FH,8,,Tomas Machac,R,183,CZE,25.262,35,1360,HH26,,,Ugo Humbert,L,188,FRA,27.562,36,1355,6-4 6-7(2) 6-2,3,F,143,5,1,98,67,49,18,15,3,4,8,3,97,60,45,15,15,8,12
2026-580,Australian Open,Hard,128,G,O,20260118,1,F0DM,,,Arthur Fery,R,175,GBR,23.521,186,316,C0E9,20,,Flavio Cobolli,R,183,ITA,23.704,22,1955,7-6(1) 6-4 6-1,5,R128,134,6,0,85,60,42,13,0,3,6,7,8,83,48,30,12,0,4,10
2026-580,Australian Open,Hard,128,G,O,20260118,2,MW02,32,,Corentin Moutet,L,180,FRA,26.752,37,1383,S0N0,,,Tristan Schoolkate,R,183,AUS,24.893,98,641,6-4 7-6(1) 6-3,5,R128,157,6,4,104,61,45,25,0,6,8,8,4,95,56,38,16,0,4,8
2026-580,Australian Open,Hard,128,G,O,20260118,3,EA24,,,Tomas Martin Etcheverry,R,196,ARG,26.505,62,895,KI95,,,Miomir Kecmanovic,R,183,SRB,26.385,60,910,6-2 3-6 4-6 6-3 6-4,5,R128,237,20,5,120,76,66,26,0,4,6,8,4,164,104,73,29,0,13,17
2026-580,Australian Open,Hard,128,G,O,20260118,4,C0AU,18,,Francisco Cerundolo,R,185,ARG,27.433,21,2035,Z371,,,Zhizhen Zhang,R,193,CHN,29.257,368,130,6-3 7-6(0) 6-3,5,R128,128,7,2,86,56,45,19,0,0,2,8,1,99,66,42,14,0,6,10
2026-580,Australian Open,Hard,128,G,O,20260118,5,Z355,3,,Alexander Zverev,R,198,GER,28.747,3,5105,D0F6,,,Gabriel Diallo,R,203,CAN,24.318,41,1215,6-7(1) 6-1 6-4 6-2,5,R128,165,15,1,98,73,61,14,0,1,2,10,5,112,81,57,12,0,2,8
2026-580,Australian Open,Hard,128,G,O,20260118,6,C0DF,,,Francisco Comesana,R,178,ARG,25.284,68,829,K0A3,,,Patrick Kypson,R,188,USA,26.226,116,527,6-2 6-3 3-6 6-3,5,R128,168,20,5,103,98,72,0,0,1,2,12,7,118,111,68,0,0,6,10
2026-580,Australian Open,Hard,128,G,O,20260118,7,D923,,,Damir Dzumhur,R,175,BIH,33.665,66,837,D0DP,,,Liam Draxl,R,185,CAN,24.12,145,429,7-5 6-0 6-4,5,R128,133,6,3,91,76,52,9,0,6,8,5,4,98,70,41,9,0,5,12
2026-580,Australian Open,Hard,128,G,O,20260118,8,N0AM,,,Emilio Nava,R,185,USA,24.129,89,683,J0AZ,,,Kyrian Jacquet,R,175,FRA,24.69,128,477,6-2 7-5 6-7(5) 4-6 7-6(6),5,R128,215,27,6,159,110,87,28,0,5,8,19,6,179,103,79,40,0,6,11
2026-580,Australian Open,Hard,128,G,O,20260118,9,TD51,29,,Frances Tiafoe,R,188,USA,27.995,34,1500,KB95,,,Jason Kubler,R,178,AUS,32.668,194,305,7-6(4) 6-3 6-2,5,R128,136,23,5,108,64,50,22,0,5,6,9,3,81,59,41,10,0,2,6
2026-580,Australian Open,Hard,128,G,O,20260118,10,F0F2,,,Jaime Faria,R,188,POR,22.453,151,413,B0PG,,,Alexander Blockx,R,193,BEL,20.78,96,653,6-3 3-6 6-3 6-4,5,R128,145,5,2,114,64,46,30,0,3,5,8,2,100,56,44,23,0,4,8
2026-580,Australian Open,Hard,128,G,O,20260118,11,F724,,,Marton Fucsovics,R,188,HUN,33.944,54,967,U182,,,Camilo Ugo Carabelli,R,185,ARG,26.59,49,1028,7-6(5) 6-1 6-2,5,R128,146,1,5,92,54,37,20,0,2,5,1,4,95,61,31,15,0,5,12
2026-580,Australian Open,Hard,128,G,O,20260118,12,Z0BZ,,,Michael Zheng,R,188,USA,21.977,174,337,K0AH,,,Sebastian Korda,R,196,USA,25.539,53,975,6-4 6-4 3-6 6-7(0) 6-3,5,R128,224,4,0,174,115,79,34,0,6,7,22,5,142,89,71,31,0,4,8
2026-580,Australian Open,Hard,128,G,O,20260118,13,BK92,10,,Alexander Bublik,R,196,KAZ,28.589,10,3065,B0CD,,,Jenson Brooksby,R,193,USA,25.229,48,1042,6-4 6-4 6-4,5,R128,127,13,4,94,69,51,12,0,7,8,4,1,97,61,38,20,0,7,11
2026-580,Australian Open,Hard,128,G,O,20260118,14,H997,,,Yannick Hanfmann,R,193,GER,34.182,102,611,S0K7,,,Zachary Svajda,R,175,USA,23.138,143,431,7-5 4-6 6-4 7-6(3),5,R128,172,19,2,125,75,58,29,0,4,8,11,8,143,102,69,18,0,4,9
2026-580,Australian Open,Hard,128,G,O,20260118,15,N771,26,,Cameron Norrie,L,188,GBR,30.407,27,1553,BM95,,,Benjamin Bonzi,R,183,FRA,29.61,106,566,6-0 6-7(2) 4-6 6-3 6-4,5,R128,223,16,3,170,111,73,37,0,16,18,9,4,136,86,55,32,0,7,13
2026-580,Australian Open,Hard,128,G,O,20260118,16,A0E2,1,,Carlos Alcaraz,R,183,ESP,22.705,1,12050,W09E,,,Adam Walton,R,183,AUS,26.755,79,727,6-3 7-6(2) 6-2,5,R128,126,8,1,83,56,43,18,15,0,1,4,4,87,62,39,11,13,5,8
2026-580,Australian Open,Hard,128,G,O,20260119,17,HB64,,,Quentin Halys,R,191,FRA,29.232,83,725,TE30,,,Alejandro Tabilo,L,188,CHI,28.632,79,737,6-2 6-2 7-6(2),5,R128,116,12,1,79,44,37,25,0,1,1,7,1,91,55,31,20,0,3,7
2026-580,Australian Open,Hard,128,G,O,20260119,18,BT72,,,Nuno Borges,R,185,POR,28.914,46,1070,AG37,7,,Felix Auger-Aliassime,R,193,CAN,25.448,8,3990,3-6 6-4 6-4 RET,5,R128,136,6,1,84,55,40,17,0,2,5,8,1,79,50,33,19,0,3,6
2026-580,Australian Open,Hard,128,G,O,20260119,19,MM58,11,,Daniil Medvedev,R,198,RUS,29.938,12,2910,D0C1,,,Jesper de Jong,R,180,NED,25.637,73,763,7-5 6-2 7-6(2),5,R128,175,9,5,111,77,58,11,0,6,10,3,1,117,60,39,22,0,6,13
2026-580,Australian Open,Hard,128,G,O,20260119,20,PL56,19,,Tommy Paul,R,185,USA,28.676,20,2050,K0AZ,,,Aleksandar Kovacevic,R,183,USA,27.392,56,964,6-4 6-3 6-3,5,R128,94,20,0,67,44,40,16,0,0,0,10,5,77,47,34,13,0,2,6
2026-580,Australian Open,Hard,128,G,O,20260119,21,M0JF,,,Hamad Medjedovic,R,188,SRB,22.508,90,681,N0BS,,,Mariano Navone,R,178,ARG,24.893,74,760,6-2 6-7(3) 6-4 6-2,5,R128,184,15,5,124,89,62,22,0,6,7,5,5,131,98,55,19,0,11,17
2026-580,Australian Open,Hard,128,G,O,20260119,22,O522,,,Reilly Opelka,R,211,USA,28.394,63,873,B0U4,,,Nicolai Budkov Kjaer,R,191,NOR,19.384,135,446,6-4 6-3 6-4,5,R128,93,23,4,71,54,51,10,0,2,2,3,3,80,57,39,11,0,1,4
2026-580,Australian Open,Hard,128,G,O,20260119,23,S0H2,,,Alexander Shevchenko,R,188,KAZ,25.139,97,650,Y218,,,Elias Ymer,R,185,SWE,29.777,175,337,3-6 7-5 6-4 6-1,5,R128,197,9,5,147,142,90,0,0,9,11,1,4,123,119,72,0,0,6,11
2026-580,Australian Open,Hard,128,G,O,20260119,24,DH58,6,,Alex de Minaur,R,183,AUS,26.921,6,4080,MK66,,,Mackenzie McDonald,R,178,USA,30.762,113,546,6-2 6-2 6-3,5,R128,109,9,4,66,34,29,21,0,1,1,7,2,91,55,32,16,0,5,11
2026-580,Australian Open,Hard,128,G,O,20260119,25,RE44,13,,Andrey Rublev,R,188,RUS,28.249,15,2600,A0FC,,,Matteo Arnaldi,R,185,ITA,24.906,65,858,6-4 6-2 6-3,5,R128,114,8,2,80,55,40,18,0,6,6,4,4,77,42,27,20,0,6,11
2026-580,Australian Open,Hard,128,G,O,20260119,26,DH50,14,,Alejandro Davidovich Fokina,R,180,ESP,26.626,14,2635,M0JZ,,,Filip Misolic,R,180,AUT,24.449,84,725,6-2 6-3 6-3,5,R128,103,10,3,84,56,42,17,0,4,4,6,3,83,45,30,14,0,6,11
2026-580,Australian Open,Hard,128,G,O,20260119,27,M0CI,,,Fabian Marozsan,R,193,HUN,26.283,47,1065,RC91,24,,Arthur Rinderknech,R,196,FRA,30.494,28,1551,6-3 6-4 6-7(2) 6-4,5,R128,179,9,2,114,83,66,20,0,0,0,18,2,139,90,58,32,0,8,11
2026-580,Australian Open,Hard,128,G,O,20260119,28,T0HA,25,,Learner Tien,L,180,USA,20.131,29,1540,GC88,,,Marcos Giron,R,180,USA,32.49,51,985,7-6(2) 4-6 3-6 7-6(3) 6-2,5,R128,223,21,10,165,103,70,33,0,12,18,14,3,176,114,74,29,0,7,13
2026-580,Australian Open,Hard,128,G,O,20260119,29,C977,,,Marin Cilic,R,198,CRO,37.309,70,790,AE14,,,Daniel Altmaier,R,188,GER,27.354,44,1123,6-0 6-0 7-6(3),5,R128,121,20,3,72,53,44,11,0,1,1,8,4,81,60,35,7,0,6,12
2026-580,Australian Open,Hard,128,G,O,20260119,30,S0RE,,,Juncheng Shang,L,180,CHN,20.961,318,165,BD06,,,Roberto Bautista Agut,R,183,ESP,37.766,91,670,6-4 6-7(2) 6-4 6-0,5,R128,176,11,6,113,76,62,19,0,3,4,11,1,107,76,48,18,0,5,11
2026-580,Australian Open,Hard,128,G,O,20260119,31,TC61,,,Jordan Thompson,R,183,AUS,31.751,111,548,C0C8,,,Juan Manuel Cerundolo,L,183,ARG,24.178,87,700,6-7(3) 7-5 6-1 6-1,5,R128,197,10,1,115,67,51,34,0,5,5,5,6,125,60,40,35,0,4,10
2026-580,Australian Open,Hard,128,G,O,20260119,32,T0A1,,,Thiago Agustin Tirante,R,185,ARG,24.778,103,605,V832,,,Aleksandar Vukic,R,188,AUS,29.788,78,746,7-5 6-2 6-2,5,R128,111,20,2,71,44,36,21,0,0,0,8,2,87,49,32,16,0,3,8
2026-580,Australian Open,Hard,128,G,O,20260119,33,SU55,21,,Denis Shapovalov,L,185,CAN,26.765,23,1650,Y09V,,,Yunchaokete Bu,R,185,CHN,24,120,499,6-3 7-6(3) 6-1,5,R128,137,19,0,83,56,49,20,0,1,1,1,1,96,59,37,21,0,5,8
2026-580,Australian Open,Hard,128,G,O,20260119,34,V812,,,Botic van de Zandschulp,R,191,NED,30.294,75,759,N0AE,27,,Brandon Nakashima,R,188,USA,24.463,30,1535,6-3 4-6 7-6(1) 7-6(3),5,R128,210,15,7,143,120,91,8,0,5,6,10,3,126,105,73,15,0,1,3
2026-580,Australian Open,Hard,128,G,O,20260119,35,H0BH,,,Rinky Hijikata,R,178,AUS,24.903,114,542,ME82,,,Adrian Mannarino,L,180,FRA,37.558,69,810,6-3 6-3 6-1,5,R128,119,4,3,92,87,59,1,0,6,7,7,3,76,70,37,0,0,5,11
2026-580,Australian Open,Hard,128,G,O,20260119,36,M0IF,,,Francesco Maestrelli,R,196,ITA,23.08,141,436,A0GC,,,Terence Atmane,L,193,FRA,24.027,64,862,6-4 3-6 6-7(4) 6-1 6-1,5,R128,208,28,8,134,80,65,31,0,2,3,14,4,145,81,61,33,0,10,16
2026-580,Australian Open,Hard,128,G,O,20260119,37,MQ75,,,Kamil Majchrzak,R,183,POL,30.018,59,918,F0BY,,,Jacob Fearnley,R,183,GBR,24.515,77,752,7-6(2) 7-5 3-6 7-6(3),5,R128,208,5,1,155,102,63,35,0,9,14,12,10,143,97,63,25,0,4,8
2026-580,Australian Open,Hard,128,G,O,20260119,38,W367,,,Stan Wawrinka,R,183,SUI,40.813,139,437,DB63,,,Laslo Djere,R,188,SRB,30.634,92,659,5-7 6-3 6-4 7-6(4),5,R128,203,14,2,116,79,66,21,0,2,4,9,5,150,98,71,23,0,15,18
2026-580,Australian Open,Hard,128,G,O,20260119,39,D643,4,,Novak Djokovic,R,188,SRB,38.664,4,4780,MO44,,,Pedro Martinez,R,185,ESP,28.734,71,768,6-3 6-2 6-2,5,R128,120,14,0,57,44,41,11,0,0,0,2,6,98,70,42,10,0,7,12
2026-580,Australian Open,Hard,128,G,O,20260119,40,RH16,12,,Casper Ruud,R,183,NOR,27.077,13,2795,B0GG,,,Mattia Bellucci,L,175,ITA,24.635,76,758,6-1 6-2 6-4,5,R128,102,10,2,76,53,41,15,0,1,1,8,3,73,50,32,8,0,9,14
2026-580,Australian Open,Hard,128,G,O,20260119,41,G0IX,,,Arthur Gea,R,180,FRA,21.046,198,300,L0BV,17,,Jiri Lehecka,R,185,CZE,24.197,19,2090,7-5 7-6(1) 7-5,5,R128,165,7,4,108,73,52,21,0,3,6,8,1,118,74,51,19,0,10,15
2026-580,Australian Open,Hard,128,G,O,20260119,42,VA25,30,,Valentin Vacherot,R,193,MON,27.176,31,1519,D0DT,,,Martin Damm,L,203,USA,,177,333,6-4 6-4 6-4,5,R128,117,18,2,92,62,52,16,0,5,5,16,4,84,55,41,13,0,0,3
2026-580,Australian Open,Hard,128,G,O,20260119,43,MU94,,,Jaume Munar,R,183,ESP,28.709,39,1335,S0GD,,,Dalibor Svrcina,R,178,CZE,23.299,95,655,3-6 6-2 6-7(5) 7-5 6-3,5,R128,270,18,6,163,108,79,27,0,5,10,6,10,164,101,67,31,0,11,18
2026-580,Australian Open,Hard,128,G,O,20260119,44,MP20,,,Alexandre Muller,R,183,FRA,28.964,52,980,P09Z,,,Alexei Popyrin,R,196,AUS,26.459,50,1000,2-6 6-3 3-6 7-6(5) 7-6(4),5,R128,236,5,4,154,111,78,23,0,5,10,40,0,155,100,75,33,0,7,10
2026-580,Australian Open,Hard,128,G,O,20260120,45,M0EJ,5,,Lorenzo Musetti,R,185,ITA,23.885,5,4105,C0JP,,,Raphael Collignon,R,191,BEL,24.019,72,767,4-6 7-6(3) 7-5 3-2 RET,5,R128,187,10,3,120,81,55,24,0,11,15,11,6,129,70,49,28,0,5,10
2026-580,Australian Open,Hard,128,G,O,20260120,46,S0S1,8,,Ben Shelton,L,193,USA,23.283,7,4000,HH26,,,Ugo Humbert,L,188,FRA,27.57,33,1510,6-3 7-6(2) 7-6(5),5,R128,160,15,2,103,72,56,20,0,1,3,5,6,107,64,47,21,0,7,10
2026-580,Australian Open,Hard,128,G,O,20260120,47,KE29,15,,Karen Khachanov,R,198,RUS,29.667,18,2320,M0QI,,,Alex Michelsen,R,193,USA,21.405,38,1350,4-6 6-4 6-3 5-7 6-3,5,R128,237,24,4,176,112,86,31,0,11,13,16,4,142,94,72,25,0,11,15
2026-580,Australian Open,Hard,128,G,O,20260120,48,M0NI,16,,Jakub Mensik,R,196,CZE,20.386,17,2345,CD85,,,Pablo Carreno Busta,R,188,ESP,34.527,94,656,7-5 4-6 2-6 7-6(1) 6-3,5,R128,253,27,19,185,105,79,31,0,12,18,1,6,161,109,75,23,0,6,12
2026-580,Australian Open,Hard,128,G,O,20260120,49,D0FJ,22,,Luciano Darderi,R,183,ITA,23.932,25,1599,GD64,,,Cristian Garin,R,185,CHI,29.643,82,726,7-6(5) 7-5 7-6(3),5,R128,176,15,2,101,63,50,25,0,2,4,12,6,132,78,54,27,0,8,11
2026-580,Australian Open,Hard,128,G,O,20260120,50,Q02L,,,Ethan Quinn,R,191,USA,21.859,80,733,GJ37,23,,Tallon Griekspoor,R,188,NED,29.552,26,1565,6-2 6-3 6-2,5,R128,98,5,2,59,39,29,16,0,0,2,6,8,80,51,28,12,0,8,15
2026-580,Australian Open,Hard,128,G,O,20260120,51,S0JA,,,Eliot Spizzirri,R,185,USA,24.077,85,725,F0FV,28,,Joao Fonseca,R,188,BRA,19.417,32,1510,6-4 2-6 6-1 6-2,5,R128,161,14,2,97,65,53,16,0,7,9,10,5,102,63,42,19,0,8,13
2026-580,Australian Open,Hard,128,G,O,20260120,52,B0BI,,,Sebastian Baez,R,170,ARG,25.062,36,1390,M0GZ,,,Giovanni Mpetshi Perricard,R,203,FRA,22.538,61,905,6-4 6-4 3-6 5-7 6-3,5,R128,195,10,2,154,120,87,18,0,10,13,30,5,150,107,78,23,0,6,10
2026-580,Australian Open,Hard,128,G,O,20260120,53,B0NN,,,Nishesh Basavareddy,R,180,USA,20.72,242,230,O483,,,Christopher O'Connell,R,183,AUS,31.633,118,521,4-6 7-6(7) 6-7(3) 6-2 6-3,5,R128,251,17,5,148,85,64,40,0,1,4,25,3,176,108,80,31,0,8,13
2026-580,Australian Open,Hard,128,G,O,20260120,54,SU87,,,Lorenzo Sonego,R,191,ITA,30.697,40,1240,TE16,,,Carlos Taberner,R,183,ESP,28.452,99,630,6-4 6-0 6-3,5,R128,106,13,2,62,46,37,8,0,0,1,1,11,77,51,28,9,0,5,12
2026-580,Australian Open,Hard,128,G,O,20260120,55,WB32,,,Yibing Wu,R,183,CHN,26.27,168,347,N0BG,,,Luca Nardi,R,185,ITA,22.459,108,561,7-5 4-6 6-4 6-2,5,R128,,7,3,132,75,52,32,0,15,19,7,6,117,66,42,27,0,6,13
2026-580,Australian Open,Hard,128,G,O,20260120,56,S0IA,,,Dane Sweeny,R,170,AUS,24.936,182,325,MC65,,,Gael Monfils,R,193,FRA,39.387,110,550,6-7(3) 7-5 6-4 7-5,5,R128,,2,3,148,104,74,25,0,9,11,14,6,164,112,79,24,0,14,19
2026-580,Australian Open,Hard,128,G,O,20260120,57,J0DZ,,,Rafael Jodar,R,191,ESP,19.343,150,418,S0UV,,,Rei Sakamoto,R,193,JPN,19.576,203,292,7-6(6) 6-1 5-7 4-6 6-3,5,R128,234,4,1,160,99,70,39,0,6,9,6,4,173,112,76,34,0,10,15
2026-580,Australian Open,Hard,128,G,O,20260120,58,S0AG,2,,Jannik Sinner,R,191,ITA,24.43,2,11500,G09O,,,Hugo Gaston,L,173,FRA,25.317,93,656,6-2 6-1 RET,5,R128,71,6,0,45,29,25,8,0,3,3,0,0,47,23,14,8,0,3,7
2026-580,Australian Open,Hard,128,G,O,20260120,59,FB98,9,,Taylor Fritz,R,196,USA,28.23,9,3840,R0EB,,,Valentin Royer,R,188,FRA,24.646,58,924,7-6(5) 5-7 6-1 6-3,5,R128,182,24,3,110,76,62,18,0,4,7,19,6,150,89,62,25,0,15,21
2026-580,Australian Open,Hard,128,G,O,20260120,60,HB71,,,Hubert Hurkacz,R,196,POL,28.939,55,965,BU13,,,Zizou Bergs,R,185,BEL,26.634,43,1170,6-7(6) 7-6(6) 6-3 6-3,5,R128,204,18,2,140,110,87,15,0,6,6,15,6,147,106,75,23,0,8,11
2026-580,Australian Open,Hard,128,G,O,20260120,61,KI82,,,Vit Kopriva,R,178,CZE,28.6,101,626,SL28,,,Jan-Lennard Struff,R,193,GER,35.74,86,706,4-6 6-2 2-6 6-3 6-1,5,R128,190,19,5,169,110,78,24,0,16,20,16,10,121,78,51,18,0,5,12
2026-580,Australian Open,Hard,128,G,O,20260120,62,M0FH,,,Tomas Machac,R,183,CZE,25.27,24,1610,D875,,,Grigor Dimitrov,R,191,BUL,34.683,45,1105,6-4 6-4 6-3,5,R128,107,21,1,82,58,45,15,0,4,4,11,4,97,78,48,8,0,6,10
2026-580,Australian Open,Hard,128,G,O,20260120,63,TE51,31,,Stefanos Tsitsipas,R,193,GRE,27.441,35,1455,M0HU,,,Shintaro Mochizuki,R,175,JPN,22.637,112,547,4-6 6-3 6-2 6-2,5,R128,180,16,6,105,72,57,16,0,7,8,3,6,136,79,50,26,0,15,20
2026-580,Australian Open,Hard,128,G,O,20260120,64,D994,,,James Duckworth,R,183,AUS,33.999,88,694,P0HW,,,Dino Prizmic,R,188,CRO,20.46,127,481,7-6(4) 3-6 1-6 7-5 6-3,5,R128,262,16,5,179,119,80,30,0,14,20,9,12,174,108,76,35,0,14,18
2026-580,Australian Open,Hard,128,G,O,20260121,65,C0AU,18,,Francisco Cerundolo,R,185,ARG,27.441,21,2035,D923,,,Damir Dzumhur,R,175,BIH,33.673,66,837,6-3 6-2 6-1,5,R64,98,10,1,66,36,29,20,0,2,3,3,1,78,50,29,12,0,5,12
2026-580,Australian Open,Hard,128,G,O,20260121,66,PL56,19,,Tommy Paul,R,185,USA,28.682,20,2050,T0A1,,,Thiago Agustin Tirante,R,185,ARG,24.783,103,605,6-3 6-4 6-2,5,R64,124,4,1,82,47,37,23,0,4,4,12,3,85,48,36,11,0,6,10
2026-580,Australian Open,Hard,128,G,O,20260121,67,RE44,13,,Andrey Rublev,R,188,RUS,28.255,15,2600,F0F2,,,Jaime Faria,R,188,POR,22.461,151,413,6-4 6-3 4-6 7-5,5,R64,172,6,3,125,88,67,20,0,10,12,10,5,120,77,53,22,0,4,9
2026-580,Australian Open,Hard,128,G,O,20260121,68,M0CI,,,Fabian Marozsan,R,193,HUN,26.289,47,1065,MQ75,,,Kamil Majchrzak,R,183,POL,30.023,59,918,6-3 6-4 7-6(5),5,R64,144,5,2,113,83,52,16,0,8,12,3,4,119,80,45,14,0,8,14
2026-580,Australian Open,Hard,128,G,O,20260121,69,MM58,11,,Daniil Medvedev,R,198,RUS,29.944,12,2910,HB64,,,Quentin Halys,R,191,FRA,29.238,83,725,6-7(9) 6-3 6-4 6-2,5,R64,184,13,4,145,98,72,26,0,10,12,6,6,115,75,54,16,0,4,10
2026-580,Australian Open,Hard,128,G,O,20260121,70,EA24,,,Tomas Martin Etcheverry,R,196,ARG,26.513,62,895,F0DM,,,Arthur Fery,R,175,GBR,23.529,186,316,7-6(4) 6-1 6-3,5,R64,165,11,1,102,70,47,23,0,9,10,5,1,92,66,40,14,0,6,11
2026-580,Australian Open,Hard,128,G,O,20260121,71,A0E2,1,,Carlos Alcaraz,R,183,ESP,22.714,1,12050,H997,,,Yannick Hanfmann,R,193,GER,34.19,102,611,7-6(4) 6-4 6-3,5,R64,166,12,3,111,69,47,26,15,6,7,7,4,100,62,43,17,14,5,9
2026-580,Australian Open,Hard,128,G,O,20260121,72,BK92,10,,Alexander Bublik,R,196,KAZ,28.597,10,3065,F724,,,Marton Fucsovics,R,188,HUN,33.952,54,967,7-5 6-4 7-5,5,R64,134,12,4,90,63,48,14,0,0,2,6,6,119,72,44,26,0,8,13
2026-580,Australian Open,Hard,128,G,O,20260121,73,DH50,14,,Alejandro Davidovich Fokina,R,180,ESP,26.631,14,2635,O522,,,Reilly Opelka,R,211,USA,28.4,63,873,6-3 7-6(3) 5-7 4-6 6-4,5,R64,230,12,1,165,129,98,20,0,9,11,37,12,161,108,81,30,0,9,11
2026-580,Australian Open,Hard,128,G,O,20260121,74,T0HA,25,,Learner Tien,L,180,USA,20.137,29,1540,S0H2,,,Alexander Shevchenko,R,188,KAZ,25.144,97,650,6-2 5-7 6-1 6-0,5,R64,124,9,2,92,55,45,19,0,2,4,4,1,94,59,31,17,0,4,13
2026-580,Australian Open,Hard,128,G,O,20260121,75,MW02,32,,Corentin Moutet,L,180,FRA,26.76,37,1383,Z0BZ,,,Michael Zheng,R,188,USA,21.985,174,337,3-6 6-1 6-3 2-0 RET,5,R64,121,10,5,76,46,33,16,0,4,7,3,1,84,62,37,6,0,0,7
2026-580,Australian Open,Hard,128,G,O,20260121,76,BT72,,,Nuno Borges,R,185,POR,28.92,46,1070,TC61,,,Jordan Thompson,R,183,AUS,31.756,111,548,6-7(9) 6-3 6-2 6-4,5,R64,186,10,4,130,89,64,24,0,5,7,12,1,121,70,46,26,0,1,7
2026-580,Australian Open,Hard,128,G,O,20260121,77,Z355,3,,Alexander Zverev,R,198,GER,28.756,3,5105,MP20,,,Alexandre Muller,R,183,FRA,28.969,52,980,6-3 4-6 6-3 6-4,5,R64,183,18,1,108,74,53,21,0,5,8,4,2,125,86,55,18,0,10,16
2026-580,Australian Open,Hard,128,G,O,20260121,78,DH58,6,,Alex de Minaur,R,183,AUS,26.927,6,4080,M0JF,,,Hamad Medjedovic,R,188,SRB,22.513,90,681,6-7(5) 6-2 6-2 6-1,5,R64,184,12,4,110,77,59,20,0,2,3,19,11,137,88,57,19,0,14,21
2026-580,Australian Open,Hard,128,G,O,20260121,79,N771,26,,Cameron Norrie,L,188,GBR,30.415,27,1553,N0AM,,,Emilio Nava,R,185,USA,24.137,89,683,6-1 7-6(3) 4-6 7-6(5),5,R64,200,5,2,144,112,79,19,0,7,10,19,5,148,105,69,22,0,15,19
2026-580,Australian Open,Hard,128,G,O,20260121,80,TD51,29,,Frances Tiafoe,R,188,USA,28.003,34,1500,C0DF,,,Francisco Comesana,R,178,ARG,25.292,68,829,6-4 6-3 4-6 6-2,5,R64,185,7,1,108,61,52,25,0,4,5,15,5,124,84,57,17,0,12,17
2026-580,Australian Open,Hard,128,G,O,20260122,81,KE29,15,,Karen Khachanov,R,198,RUS,29.673,18,2320,B0NN,,,Nishesh Basavareddy,R,180,USA,20.726,242,230,6-1 6-4 6-3,5,R64,118,15,1,70,53,43,12,0,4,4,10,3,93,45,32,17,0,7,12
2026-580,Australian Open,Hard,128,G,O,20260122,82,M0NI,16,,Jakub Mensik,R,196,CZE,20.392,17,2345,J0DZ,,,Rafael Jodar,R,191,ESP,19.348,150,418,6-2 6-4 6-4,5,R64,120,9,2,90,55,44,15,0,4,6,3,1,85,52,31,16,0,5,11
2026-580,Australian Open,Hard,128,G,O,20260122,83,D643,4,,Novak Djokovic,R,188,SRB,38.672,4,4780,M0IF,Q,,Francesco Maestrelli,R,196,ITA,23.088,141,436,6-3 6-2 6-2,5,R64,136,5,4,78,52,45,9,0,4,5,10,4,93,56,30,15,0,10,16
2026-580,Australian Open,Hard,128,G,O,20260122,84,M0EJ,5,,Lorenzo Musetti,R,185,ITA,23.89,5,4105,SU87,,,Lorenzo Sonego,R,191,ITA,30.702,40,1240,6-3 6-3 6-4,5,R64,169,2,2,87,58,40,17,0,4,6,5,6,116,77,47,13,0,17,23
2026-580,Australian Open,Hard,128,G,O,20260122,85,S0S1,8,,Ben Shelton,L,193,USA,23.288,7,4000,S0IA,,,Dane Sweeny,R,170,AUS,24.942,182,325,6-3 6-2 6-2,5,R64,104,19,2,64,44,39,14,0,0,0,0,5,80,58,36,8,0,7,12
2026-580,Australian Open,Hard,128,G,O,20260122,86,D0FJ,22,,Luciano Darderi,R,183,ITA,23.937,25,1599,B0BI,,,Sebastian Baez,R,170,ARG,25.068,36,1390,6-3 1-6 6-4 6-3,5,R64,149,10,1,104,67,41,21,0,5,10,4,3,106,82,49,11,0,8,14
2026-580,Australian Open,Hard,128,G,O,20260122,87,VA25,30,,Valentin Vacherot,R,193,MON,27.184,31,1519,H0BH,,,Rinky Hijikata,R,178,AUS,24.912,114,542,6-1 6-3 4-6 6-2,5,R64,151,15,4,99,70,56,16,0,4,5,5,5,109,87,55,8,0,5,11
2026-580,Australian Open,Hard,128,G,O,20260122,88,Q02L,,,Ethan Quinn,R,191,USA,21.864,80,733,HB71,,,Hubert Hurkacz,R,196,POL,28.945,55,965,6-4 7-6(5) 6-1,5,R64,136,12,2,108,72,56,21,0,8,8,9,1,95,62,40,18,0,4,7
2026-580,Australian Open,Hard,128,G,O,20260122,89,S0JA,,,Eliot Spizzirri,R,185,USA,24.082,85,725,WB32,,,Yibing Wu,R,183,CHN,26.275,168,347,6-2 6-4 6-7(4) 4-6 6-3,5,R64,225,8,4,170,121,83,26,0,11,14,11,6,164,111,77,22,0,9,15
2026-580,Australian Open,Hard,128,G,O,20260122,90,V812,,,Botic van de Zandschulp,R,191,NED,30.303,75,759,S0RE,,,Juncheng Shang,L,180,CHN,20.969,318,165,7-6(6) 6-2 6-3,5,R64,136,15,6,94,64,56,13,0,1,1,2,3,101,68,46,16,0,9,13
2026-580,Australian Open,Hard,128,G,O,20260122,91,C977,,,Marin Cilic,R,198,CRO,37.317,70,790,SU55,21,,Denis Shapovalov,L,185,CAN,26.773,23,1650,6-4 6-3 6-2,5,R64,130,5,5,91,54,43,17,0,4,6,3,7,82,47,29,12,0,6,12
2026-580,Australian Open,Hard,128,G,O,20260122,92,S0AG,2,,Jannik Sinner,R,191,ITA,24.435,2,11500,D994,,,James Duckworth,R,183,AUS,34.004,88,694,6-1 6-4 6-2,5,R64,,18,2,77,53,45,13,0,3,3,9,4,79,50,35,8,0,9,14
2026-580,Australian Open,Hard,128,G,O,20260122,93,M0FH,,,Tomas Machac,R,183,CZE,25.276,24,1610,TE51,31,,Stefanos Tsitsipas,R,193,GRE,27.447,35,1455,6-4 3-6 7-6(5) 7-6(5),5,R64,187,6,6,139,97,67,28,0,7,10,24,8,135,83,65,26,0,0,3
2026-580,Australian Open,Hard,128,G,O,20260122,94,W367,,,Stan Wawrinka,R,183,SUI,40.821,139,437,G0IX,,,Arthur Gea,R,180,FRA,21.054,198,300,4-6 6-3 3-6 7-5 7-6(3),5,R64,274,11,3,177,139,92,23,0,10,14,13,7,170,121,83,23,0,9,13
2026-580,Australian Open,Hard,128,G,O,20260122,95,FB98,9,,Taylor Fritz,R,196,USA,28.241,9,3840,KI82,,,Vit Kopriva,R,178,CZE,28.611,101,626,6-1 6-4 7-6(4),5,R64,119,15,1,88,70,56,11,0,2,3,3,2,86,53,33,19,0,3,7
2026-580,Australian Open,Hard,128,G,O,20260122,96,RH16,12,,Casper Ruud,R,183,NOR,27.086,13,2795,MU94,,,Jaume Munar,R,183,ESP,28.717,39,1335,6-3 7-5 6-4,5,R64,144,5,3,97,56,45,24,0,2,2,5,4,89,42,29,29,0,7,10
2026-580,Australian Open,Hard,128,G,O,20260123,97,T0HA,25,,Learner Tien,L,180,USA,20.142,29,1540,BT72,,,Nuno Borges,R,185,POR,28.925,46,1070,7-6(9) 6-4 6-2,5,R32,127,8,5,101,72,52,15,0,4,6,8,2,96,80,51,7,0,3,8
2026-580,Australian Open,Hard,128,G,O,20260123,98,MM58,11,,Daniil Medvedev,R,198,RUS,29.949,12,2910,M0CI,,,Fabian Marozsan,R,193,HUN,26.294,47,1065,6-7(5) 4-6 7-5 6-0 6-3,5,R32,226,19,10,146,94,61,30,0,5,12,0,2,188,134,82,16,0,17,28
2026-580,Australian Open,Hard,128,G,O,20260123,99,PL56,19,,Tommy Paul,R,185,USA,28.687,20,2050,DH50,14,,Alejandro Davidovich Fokina,R,180,ESP,26.637,14,2635,6-1 6-1 RET,5,R32,55,3,0,32,21,19,9,0,0,0,3,4,51,31,15,8,0,3,8
2026-580,Australian Open,Hard,128,G,O,20260123,100,A0E2,1,,Carlos Alcaraz,R,183,ESP,22.721,1,12050,MW02,32,,Corentin Moutet,L,180,FRA,26.765,37,1383,6-2 6-4 6-1,5,R32,127,3,1,72,51,37,11,0,2,4,0,5,93,56,29,15,0,5,13
2026-580,Australian Open,Hard,128,G,O,20260123,101,Z355,3,,Alexander Zverev,R,198,GER,28.761,3,5105,N771,26,,Cameron Norrie,L,188,GBR,30.42,27,1553,7-5 4-6 6-3 6-1,5,R32,,16,1,106,79,61,14,0,3,5,5,2,116,83,53,18,0,8,14
2026-580,Australian Open,Hard,128,G,O,20260123,102,DH58,6,,Alex de Minaur,R,183,AUS,26.932,6,4080,TD51,29,,Frances Tiafoe,R,188,USA,28.008,34,1500,6-3 6-4 7-5,5,R32,163,8,6,97,60,46,20,0,3,5,6,1,101,60,35,22,0,7,12
2026-580,Australian Open,Hard,128,G,O,20260123,103,C0AU,18,,Francisco Cerundolo,R,185,ARG,27.447,21,2035,RE44,13,,Andrey Rublev,R,188,RUS,28.26,15,2600,6-3 7-6(4) 6-3,5,R32,129,8,2,100,66,52,20,0,2,3,5,5,81,50,42,12,0,3,6
2026-580,Australian Open,Hard,128,G,O,20260123,104,BK92,10,,Alexander Bublik,R,196,KAZ,28.602,10,3065,EA24,,,Tomas Martin Etcheverry,R,196,ARG,26.519,62,895,7-6(4) 7-6(5) 6-4,5,R32,155,21,2,104,67,60,23,0,3,3,10,1,112,75,56,24,0,3,4
2026-580,Australian Open,Hard,128,G,O,20260124,105,D0FJ,22,,Luciano Darderi,R,183,ITA,23.943,25,1599,KE29,15,,Karen Khachanov,R,198,RUS,29.678,18,2320,7-6(5) 3-6 6-3 6-4,5,R32,206,17,4,126,78,59,27,0,2,4,14,4,139,91,64,26,0,5,8
2026-580,Australian Open,Hard,128,G,O,20260124,106,M0EJ,5,,Lorenzo Musetti,R,185,ITA,23.896,5,4105,M0FH,,,Tomas Machac,R,183,CZE,25.281,24,1610,5-7 6-4 6-2 5-7 6-2,5,R32,265,10,5,156,118,79,17,0,10,15,3,3,197,153,88,19,0,18,26
2026-580,Australian Open,Hard,128,G,O,20260124,107,S0AG,2,,Jannik Sinner,R,191,ITA,24.441,2,11500,S0JA,,,Eliot Spizzirri,R,185,USA,24.088,85,725,4-6 6-3 6-4 6-4,5,R32,222,17,4,131,88,56,19,13,10,16,6,3,108,70,46,17,11,3,11
2026-580,Australian Open,Hard,128,G,O,20260124,108,S0S1,8,,Ben Shelton,L,193,USA,23.294,7,4000,VA25,30,,Valentin Vacherot,R,193,MON,27.19,31,1519,6-4 6-4 7-6(5),5,R32,138,15,1,96,63,50,22,0,1,1,12,4,91,63,50,13,0,2,4
2026-580,Australian Open,Hard,128,G,O,20260124,109,FB98,9,,Taylor Fritz,R,196,USA,28.241,9,3840,W367,,,Stan Wawrinka,R,183,SUI,40.827,139,437,7-6(5) 2-6 6-4 6-4,5,R32,165,30,1,120,84,71,18,0,5,7,16,3,114,70,60,24,0,5,7
2026-580,Australian Open,Hard,128,G,O,20260124,110,D643,4,,Novak Djokovic,R,188,SRB,38.678,4,4780,V812,,,Botic van de Zandschulp,R,191,NED,30.308,75,759,6-3 6-4 7-6(4),5,R32,164,11,5,93,61,46,20,14,5,7,15,4,102,62,45,18,11,5,9
2026-580,Australian Open,Hard,128,G,O,20260124,111,M0NI,16,,Jakub Mensik,R,196,CZE,20.397,17,2345,Q02L,,,Ethan Quinn,R,191,USA,21.87,80,733,6-2 7-6(5) 7-6(5),5,R32,154,11,7,102,54,39,28,0,3,6,9,7,107,57,39,23,0,5,10
2026-580,Australian Open,Hard,128,G,O,20260124,112,RH16,12,,Casper Ruud,R,183,NOR,27.091,13,2795,C977,,,Marin Cilic,R,198,CRO,37.322,70,790,6-4 6-4 3-6 7-5,5,R32,185,25,4,123,87,68,15,0,8,10,18,6,123,65,51,31,0,3,7
2026-580,Australian Open,Hard,128,G,O,20260125,113,A0E2,1,,Carlos Alcaraz,R,183,ESP,22.727,1,12050,PL56,19,,Tommy Paul,R,185,USA,28.693,20,2050,7-6(6) 6-4 7-5,5,R16,158,2,0,89,63,50,19,15,1,2,7,5,106,60,50,23,14,7,9
2026-580,Australian Open,Hard,128,G,O,20260125,114,Z355,3,,Alexander Zverev,R,198,GER,28.767,3,5105,C0AU,18,,Francisco Cerundolo,R,185,ARG,27.452,21,2035,6-2 6-4 6-4,5,R16,134,7,2,75,60,48,8,0,1,2,0,0,94,60,39,15,0,3,8
2026-580,Australian Open,Hard,128,G,O,20260125,115,DH58,6,,Alex de Minaur,R,183,AUS,26.938,6,4080,BK92,10,,Alexander Bublik,R,196,KAZ,28.608,10,3065,6-4 6-1 6-1,5,R16,93,5,1,62,38,31,17,0,0,0,6,4,81,54,28,12,0,5,11
2026-580,Australian Open,Hard,128,G,O,20260125,116,T0HA,25,,Learner Tien,L,180,USA,20.148,29,1540,MM58,11,,Daniil Medvedev,R,198,RUS,29.955,12,2910,6-4 6-0 6-3,5,R16,100,5,1,68,45,32,15,0,0,1,6,6,86,59,34,7,0,3,10
2026-580,Australian Open,Hard,128,G,O,20260126,117,M0EJ,5,,Lorenzo Musetti,R,185,ITA,23.901,5,4105,FB98,9,,Taylor Fritz,R,196,USA,28.246,9,3840,6-2 7-5 6-4,5,R16,124,13,2,81,56,47,17,0,2,2,10,1,84,50,32,19,0,5,9
2026-580,Australian Open,Hard,128,G,O,20260126,118,S0AG,2,,Jannik Sinner,R,191,ITA,24.446,2,11500,D0FJ,22,,Luciano Darderi,R,183,ITA,23.948,25,1599,6-1 6-3 7-6(2),5,R16,131,19,0,86,63,51,14,0,6,6,11,5,97,56,41,16,0,4,8
2026-580,Australian Open,Hard,128,G,O,20260128,119,D643,4,,Novak Djokovic,R,188,SRB,38.689,4,4780,M0NI,16,,Jakub Mensik,R,196,CZE,20.397,17,2345,W/O,5,R16,,,,,,,,,,,,,,,,,,,
2026-580,Australian Open,Hard,128,G,O,20260126,120,S0S1,8,,Ben Shelton,L,193,USA,23.299,7,4000,RH16,12,,Casper Ruud,R,183,NOR,27.097,13,2795,3-6 6-4 6-3 6-4,5,R16,,14,4,96,63,52,24,0,2,3,9,6,125,88,59,22,0,8,11
2026-580,Australian Open,Hard,128,G,O,20260127,121,Z355,3,,Alexander Zverev,R,198,GER,28.772,3,5105,T0HA,25,,Learner Tien,L,180,USA,20.153,29,1540,6-3 6-7(5) 6-1 7-6(3),5,QF,193,24,1,133,98,75,21,0,3,3,11,9,133,92,63,19,0,4,7
2026-580,Australian Open,Hard,128,G,O,20260127,122,A0E2,1,,Carlos Alcaraz,R,183,ESP,22.732,1,12050,DH58,6,,Alex de Minaur,R,183,AUS,26.943,6,4080,7-5 6-2 6-1,5,QF,138,1,0,93,51,30,16,6,9,16,5,3,83,48,37,19,12,5,7
2026-580,Australian Open,Hard,128,G,O,20260128,123,D643,4,,Novak Djokovic,R,188,SRB,38.689,4,4780,M0EJ,5,,Lorenzo Musetti,R,185,ITA,23.907,5,4105,4-6 3-6 3-1 RET,5,QF,128,4,1,83,53,31,12,6,6,11,4,2,60,40,24,12,8,3,6
2026-580,Australian Open,Hard,128,G,O,20260128,124,S0AG,2,,Jannik Sinner,R,191,ITA,24.452,2,11500,S0S1,8,,Ben Shelton,L,193,USA,23.305,7,4000,6-3 6-4 6-4,5,QF,145,5,2,91,55,42,23,0,4,4,8,3,102,78,51,10,0,9,12
2026-580,Australian Open,Hard,128,G,O,20260130,125,A0E2,1,,Carlos Alcaraz,R,183,ESP,22.741,1,12050,Z355,3,,Alexander Zverev,R,198,GER,28.78,3,5105,6-4 7-6(5) 6-7(3) 6-7(4) 7-5,5,SF,341,12,5,187,121,89,41,27,5,7,17,4,203,146,105,31,25,10,13
2026-580,Australian Open,Hard,128,G,O,20260130,126,D643,4,,Novak Djokovic,R,188,SRB,38.694,4,4780,S0AG,2,,Jannik Sinner,R,191,ITA,24.457,2,11500,3-6 6-3 4-6 6-4 6-4,5,SF,252,12,3,158,112,80,23,21,16,18,26,2,133,100,80,17,21,5,8
2026-580,Australian Open,Hard,128,G,O,20260201,127,A0E2,1,,Carlos Alcaraz,R,183,ESP,22.746,1,12050,D643,4,,Novak Djokovic,R,188,SRB,38.7,4,4780,2-6 6-2 6-3 7-5,5,F,185,9,2,101,67,52,20,16,4,6,4,2,122,85,57,20,14,12,16
2026-375,Montpellier,Hard,28,250,I,20260202,1,BD06,,,Roberto Bautista Agut,R,183,ESP,37.812,89,670,O483,,,Christopher O'Connell,R,183,AUS,31.677,119,511,5-7 6-3 7-5,3,R32,168,6,0,101,70,48,18,17,6,9,11,1,110,58,42,26,16,9,13
2026-375,Montpellier,Hard,28,250,I,20260202,2,G0IX,,,Arthur Gea,R,180,FRA,21.092,168,353,M0GZ,,,Giovanni Mpetshi Perricard,R,203,FRA,22.582,57,905,6-3 RET,3,R32,39,2,2,23,11,10,10,5,0,0,1,1,20,17,12,1,4,0,1
2026-375,Montpellier,Hard,28,250,I,20260202,3,ME82,,,Adrian Mannarino,L,180,FRA,37.604,70,810,MO44,,,Pedro Martinez,R,185,ESP,28.78,77,728,7-6(3) 6-1,3,R32,96,14,1,65,44,36,13,10,2,2,1,1,55,32,23,12,9,1,3
2026-375,Montpellier,Hard,28,250,I,20260203,4,HH26,5,,Ugo Humbert,L,188,FRA,27.614,38,1320,V812,,,Botic van de Zandschulp,R,191,NED,30.341,67,849,6-3 6-4,3,R32,72,9,1,58,42,32,11,10,3,3,9,1,47,29,25,8,9,1,3
2026-375,Montpellier,Hard,28,250,I,20260203,5,F0F1,6,,Arthur Fils,R,185,FRA,21.651,42,1110,R0EB,,,Valentin Royer,R,188,FRA,24.69,56,920,7-6(7) 6-7(4) 6-2,3,R32,152,14,5,108,66,55,21,16,0,1,14,2,101,68,50,20,16,5,8
2026-375,Montpellier,Hard,28,250,I,20260203,6,D0DT,,,Martin Damm,L,203,USA,22.350,160,373,HB71,7,,Hubert Hurkacz,R,196,POL,28.983,52,965,7-6(5) 6-4,3,R32,92,13,3,71,44,32,19,11,1,1,14,0,72,45,33,16,11,3,4
2026-375,Montpellier,Hard,28,250,I,20260203,7,BV16,,,Ugo Blanchet,R,175,FRA,27.086,174,343,VA08,,,Andrea Vavassori,R,193,ITA,30.757,282,185,6-4 6-3,3,R32,79,5,3,63,33,26,16,10,1,2,9,2,58,43,29,4,9,5,8
2026-375,Montpellier,Hard,28,250,I,20260203,8,CD85,,,Pablo Carreno Busta,R,188,ESP,34.571,100,616,KI95,,,Miomir Kecmanovic,R,183,SRB,26.434,69,820,4-6 6-3 7-6(4),3,R32,127,7,2,102,69,50,13,16,3,6,15,4,87,51,45,13,15,4,7
2026-375,Montpellier,Hard,28,250,I,20260203,9,D0DW,,,Titouan Droguet,R,191,FRA,24.643,150,403,CH12,,,Jan Choinski,R,196,GBR,29.656,125,498,6-2 7-6(2),3,R32,84,14,2,59,38,33,13,10,2,2,4,3,83,49,31,17,10,7,9
2026-375,Montpellier,Hard,28,250,I,20260204,10,G0IX,,,Arthur Gea,R,180,FRA,21.092,168,353,M0FH,3,,Tomas Machac,R,183,CZE,25.314,28,1610,6-3 4-5 RET,3,R16,75,6,1,46,26,24,12,9,0,0,4,1,61,32,24,15,9,4,5
2026-375,Montpellier,Hard,28,250,I,20260204,11,ME82,,,Adrian Mannarino,L,180,FRA,37.604,70,810,HH26,5,,Ugo Humbert,L,188,FRA,27.614,38,1320,6-7(4) 6-3 7-6(4),3,R16,167,7,2,115,75,63,21,17,9,9,23,3,111,73,61,17,16,8,9
2026-375,Montpellier,Hard,28,250,I,20260204,12,D0DT,,,Martin Damm,L,203,USA,22.350,160,373,BD06,,,Roberto Bautista Agut,R,183,ESP,37.812,89,670,6-1 6-3,3,R16,55,11,2,39,27,22,10,8,0,0,2,0,51,35,18,8,8,3,7
2026-375,Montpellier,Hard,28,250,I,20260204,13,K0AZ,8,,Aleksandar Kovacevic,R,183,USA,27.439,83,709,K0O4,,,Moise Kouame,R,191,FRA,16.92,551,70,6-7(5) 6-2 6-2,3,R32,114,13,2,91,50,41,23,14,1,1,10,4,77,47,36,15,14,4,8
2026-375,Montpellier,Hard,28,250,I,20260204,14,N0BG,,,Luca Nardi,R,185,ITA,22.502,106,571,BG23,,,Nikoloz Basilashvili,R,185,GEO,33.952,137,464,6-3 6-3,3,R32,63,3,0,46,28,22,15,9,1,1,5,3,57,28,21,11,9,6,9
2026-375,Montpellier,Hard,28,250,I,20260204,15,W367,,,Stan Wawrinka,R,183,SUI,40.86,113,537,M0JF,,,Hamad Medjedovic,R,188,SRB,22.554,80,717,7-6(3) 6-4,3,R32,98,5,4,76,29,24,26,11,4,5,10,0,65,37,26,17,11,4,6
2026-375,Montpellier,Hard,28,250,I,20260205,16,AG37,,,Felix Auger-Aliassime,R,193,CAN,25.495,8,3725,W367,,,Stan Wawrinka,R,183,SUI,40.86,113,537,6-4 7-6(3),3,R16,107,16,2,65,45,37,11,11,3,4,5,4,81,48,35,16,11,8,10
2026-375,Montpellier,Hard,28,250,I,20260205,17,N0BG,,,Luca Nardi,R,185,ITA,22.502,106,571,C0E9,,,Flavio Cobolli,R,183,ITA,23.754,20,1955,6-2 6-3,3,R16,74,7,1,46,27,21,13,8,2,2,3,1,58,29,14,16,9,5,9
2026-375,Montpellier,Hard,28,250,I,20260205,18,GJ37,4,,Tallon Griekspoor,R,188,NED,29.596,29,1565,CD85,,,Pablo Carreno Busta,R,188,ESP,34.571,100,616,6-4 6-4,3,R16,66,18,2,46,28,27,13,10,0,0,3,2,62,39,28,11,10,2,4
2026-375,Montpellier,Hard,28,250,I,20260205,19,D0DW,,,Titouan Droguet,R,191,FRA,24.643,150,403,K0AZ,8,,Aleksandar Kovacevic,R,183,USA,27.439,83,709,4-6 7-6(5) 6-4,3,R16,114,25,3,91,51,44,26,16,1,2,19,4,90,59,49,19,16,2,3
2026-375,Montpellier,Hard,28,250,I,20260205,24,F0F1,6,,Arthur Fils,R,185,FRA,21.656,42,1110,BV16,,,Ugo Blanchet,R,175,FRA,27.091,174,343,7-6(4) 7-5,3,R16,95,14,3,67,42,32,16,12,0,2,10,6,81,39,29,21,12,6,9
2026-375,Montpellier,Hard,28,250,I,20260207,20,D0DW,,,Titouan Droguet,R,191,FRA,24.649,150,403,GJ37,4,,Tallon Griekspoor,R,188,NED,29.602,29,1565,7-6(5) 7-6(1),3,QF,106,21,0,71,46,39,16,12,0,0,8,2,83,60,45,11,12,1,1
2026-375,Montpellier,Hard,28,250,I,20260207,21,AG37,,,Felix Auger-Aliassime,R,193,CAN,25.5,8,3725,F0F1,6,,Arthur Fils,R,185,FRA,21.656,42,1110,6-4 6-2,3,QF,68,12,0,40,27,25,11,9,0,0,2,1,55,33,18,14,9,2,5
2026-375,Montpellier,Hard,28,250,I,20260207,22,D0DT,,,Martin Damm,L,203,USA,,160,373,N0BG,,,Luca Nardi,R,185,ITA,22.508,106,571,6-3 7-6(8),3,QF,84,16,0,61,39,36,17,11,1,1,5,2,67,44,34,12,10,3,4
2026-375,Montpellier,Hard,28,250,I,20260207,23,ME82,,,Adrian Mannarino,L,180,FRA,37.61,70,810,G0IX,,,Arthur Gea,R,180,FRA,21.098,168,353,5-7 6-4 6-4,3,QF,151,3,1,93,65,49,13,16,1,3,12,3,91,54,43,18,16,2,5
2026-375,Montpellier,Hard,28,250,I,20260208,25,AG37,,,Felix Auger-Aliassime,R,193,CAN,25.503,8,3725,D0DW,,,Titouan Droguet,R,191,FRA,24.652,150,403,6-4 6-7(5) 6-1,3,SF,147,20,0,92,72,58,12,15,3,3,14,3,121,77,54,20,14,7,10
2026-375,Montpellier,Hard,28,250,I,20260208,26,ME82,,,Adrian Mannarino,L,180,FRA,37.613,70,810,D0DT,,,Martin Damm,L,203,USA,,160,373,1-6 6-3 6-4,3,SF,104,11,3,74,46,36,15,13,2,4,23,3,65,45,38,9,13,0,2
2026-375,Montpellier,Hard,28,250,I,20260208,27,AG37,,,Felix Auger-Aliassime,R,193,CAN,25.506,8,3725,ME82,,,Adrian Mannarino,L,180,FRA,37.615,70,810,6-3 7-6(4),3,F,95,13,1,58,45,39,7,10,0,0,4,1,63,38,28,13,11,1,3
2026-407,Rotterdam,Hard,32,500,I,20260209,1,V812,,,Botic van de Zandschulp,R,191,NED,30.352,65,849,P0AY,,,Luka Pavlovic,R,196,FRA,25.864,219,262,7-6(5) 6-3,3,R32,95,6,6,67,40,32,13,11,4,6,8,1,76,37,28,13,10,6,9
2026-407,Rotterdam,Hard,32,500,I,20260209,2,HH26,,,Ugo Humbert,L,188,FRA,27.625,36,1335,MM58,4,,Daniil Medvedev,R,198,RUS,29.996,11,3060,7-6(4) 3-6 6-3,3,R32,142,4,2,98,63,43,24,15,7,8,6,9,102,60,50,18,15,4,5
2026-407,Rotterdam,Hard,32,500,I,20260209,3,N771,6,,Cameron Norrie,L,188,GBR,30.467,26,1603,BD06,,,Roberto Bautista Agut,R,183,ESP,37.823,85,685,7-6(3) 6-1,3,R32,114,9,3,88,49,38,18,10,7,9,2,0,63,41,25,9,9,2,6
2026-407,Rotterdam,Hard,32,500,I,20260209,4,O483,,,Christopher O'Connell,R,183,AUS,31.688,119,511,R0EB,,,Valentin Royer,R,188,FRA,24.701,57,897,6-4 4-6 7-6(4),3,R32,172,10,3,102,62,47,19,16,4,7,7,3,125,79,54,20,16,8,11
2026-424,Dallas,Hard,32,500,I,20260209,1,N0AE,,,Brandon Nakashima,R,188,USA,24.52,29,1535,B0GG,,,Mattia Bellucci,L,175,ITA,24.693,107,553,6-3 6-4,3,R32,68,11,0,44,36,35,5,10,0,0,6,2,53,34,25,9,9,4,6
2026-506,Buenos Aires,Clay,28,250,O,20260209,1,MO44,,,Pedro Martinez,R,185,ESP,28.791,94,636,M0OH,,,Lautaro Midon,R,180,ARG,21.867,229,245,6-4 6-1,3,R32,95,1,3,54,37,30,5,8,4,5,3,1,66,37,20,13,9,6,11
2026-506,Buenos Aires,Clay,28,250,O,20260209,2,DA31,,,Hugo Dellien,R,180,BOL,32.652,167,355,D923,,,Damir Dzumhur,R,175,BIH,33.725,62,877,6-4 6-1,3,R32,74,2,1,51,42,32,6,9,2,2,1,2,49,37,23,5,8,2,5
2026-407,Rotterdam,Hard,32,500,I,20260210,5,MU94,,,Jaume Munar,R,183,ESP,28.769,37,1185,B0U4,,,Nicolai Budkov Kjaer,R,191,NOR,19.444,132,476,6-1 6-3,3,R32,71,4,2,44,25,20,14,8,2,2,4,1,46,33,18,6,8,2,6
2026-424,Dallas,Hard,32,500,I,20260210,2,K0AH,,,Sebastian Korda,R,196,USA,25.602,53,960,Z0BZ,,,Michael Zheng,R,188,USA,22.04,151,414,6-3 6-4,3,R32,67,9,1,51,30,29,12,10,1,1,3,1,60,46,30,8,9,6,8
2026-424,Dallas,Hard,32,500,I,20260210,3,DH50,3,,Alejandro Davidovich Fokina,R,180,ESP,26.686,14,2535,S0K7,,,Zachary Svajda,R,175,USA,23.201,110,551,6-4 7-6(1),3,R32,94,6,0,71,51,37,13,11,3,4,10,0,74,53,43,4,11,3,5
2026-424,Dallas,Hard,32,500,I,20260210,4,TD51,8,,Frances Tiafoe,R,188,USA,28.057,30,1510,A0GC,,,Terence Atmane,L,193,FRA,24.088,64,849,4-6 6-2 6-2,3,R32,108,3,1,77,43,32,19,13,3,5,12,3,74,45,32,10,13,2,7
2026-506,Buenos Aires,Clay,28,250,O,20260210,4,EA24,7,,Tomas Martin Etcheverry,R,196,ARG,26.568,54,945,PH64,,,Andrea Pellegrino,R,185,ITA,28.887,145,434,6-3 6-4,3,R32,98,7,1,61,34,29,13,10,1,1,4,2,55,36,26,9,9,3,5
2026-506,Buenos Aires,Clay,28,250,O,20260210,5,KI82,,,Vit Kopriva,R,178,CZE,28.657,95,632,B0GY,,,Alex Barrena,R,175,ARG,23.337,180,336,6-4 3-6 6-4,3,R32,147,4,5,86,57,39,12,14,3,7,4,4,109,68,43,17,15,6,11
2026-407,Rotterdam,Hard,32,500,I,20260210,6,DH58,1,,Alex de Minaur,R,183,AUS,26.981,8,3835,F0F1,,,Arthur Fils,R,185,FRA,21.665,42,1110,7-6(3) 6-2,3,R32,92,2,1,57,37,28,16,10,1,2,4,3,70,47,29,11,10,2,5
2026-407,Rotterdam,Hard,32,500,I,20260210,7,GJ37,7,,Tallon Griekspoor,R,188,NED,29.61,27,1585,M0GZ,,,Giovanni Mpetshi Perricard,R,203,FRA,22.595,56,905,6-4 6-4,3,R32,72,10,0,63,39,32,16,10,6,6,7,3,54,38,31,5,10,2,4
2026-407,Rotterdam,Hard,32,500,I,20260210,8,HB64,,,Quentin Halys,R,191,FRA,29.292,77,725,R0KD,,,Mees Rottgering,L,180,NED,18.598,614,59,3-6 6-1 6-1,3,R32,113,11,3,76,47,38,10,12,5,7,2,3,92,49,24,22,11,8,13
2026-407,Rotterdam,Hard,32,500,I,20260210,9,SL28,,,Jan-Lennard Struff,R,193,GER,35.797,82,706,GF95,,,Hugo Grenier,R,196,FRA,29.886,188,323,6-0 6-4,3,R32,64,3,1,45,23,19,14,8,1,2,1,3,50,25,17,6,8,7,12
2026-424,Dallas,Hard,32,500,I,20260210,5,KI95,,,Miomir Kecmanovic,R,183,SRB,26.448,66,820,SY67,,,Sho Shimabukuro,R,180,JPN,28.534,144,441,6-7(3) 6-3 7-6(3),3,R32,124,6,1,94,64,49,24,17,1,2,13,1,99,59,49,23,16,1,3
2026-424,Dallas,Hard,32,500,I,20260210,6,C977,,,Marin Cilic,R,198,CRO,37.369,61,890,T0HA,6,,Learner Tien,L,180,USA,20.192,23,1710,7-5 7-6(4),3,R32,110,9,3,82,47,41,14,12,2,4,9,6,75,42,32,13,12,1,4
2026-506,Buenos Aires,Clay,28,250,O,20260210,6,B0FV,,,Roman Andres Burruchaga,R,183,ARG,24.049,104,568,DB63,,,Laslo Djere,R,188,SRB,30.694,91,651,6-2 6-4,3,R32,79,2,1,46,31,27,10,9,1,1,3,3,61,37,23,11,9,6,9
2026-506,Buenos Aires,Clay,28,250,O,20260210,7,C0C8,,,Juan Manuel Cerundolo,L,183,ARG,24.238,80,717,AE14,5,,Daniel Altmaier,R,188,GER,27.414,51,995,6-2 6-2,3,R32,87,0,0,51,40,31,5,8,1,1,2,4,54,37,21,6,8,6,10
2026-506,Buenos Aires,Clay,28,250,O,20260210,8,BS86,,,Tomas Barrios Vera,R,191,CHI,28.17,114,546,SX91,,,Thiago Seyboth Wild,R,185,BRA,25.922,197,305,4-6 6-5 RET,3,R32,123,4,1,58,37,24,11,11,3,7,8,3,75,49,29,14,10,7,10
2026-506,Buenos Aires,Clay,28,250,O,20260210,9,TE30,,,Alejandro Tabilo,L,188,CHI,28.693,71,774,D0CG,,,Facundo Diaz Acosta,L,183,ARG,25.155,285,182,7-6(5) 6-3,3,R32,110,2,1,71,49,37,13,11,2,2,6,2,62,41,29,13,10,0,1
2026-407,Rotterdam,Hard,32,500,I,20260211,10,M0JF,,,Hamad Medjedovic,R,188,SRB,22.571,79,717,BU13,,,Zizou Bergs,R,185,BEL,26.694,39,1170,7-6(5) 7-6(5),3,R32,139,8,6,96,60,41,19,12,7,10,10,4,97,50,31,28,12,5,8
2026-424,Dallas,Hard,32,500,I,20260211,7,SU55,7,,Denis Shapovalov,L,185,CAN,26.828,40,1160,J0DZ,,,Rafael Jodar,R,191,ESP,19.403,124,498,6-1 6-2,3,R32,69,7,3,44,22,16,15,7,5,6,1,1,59,36,17,7,8,4,10
2026-424,Dallas,Hard,32,500,I,20260211,8,FB98,1,,Taylor Fritz,R,196,USA,28.29,7,3940,GC88,,,Marcos Giron,R,180,USA,32.553,59,895,6-4 5-7 7-6(1),3,R32,146,21,1,99,70,57,14,17,3,5,9,2,113,74,52,21,17,8,10
2026-424,Dallas,Hard,32,500,I,20260211,9,S0S1,2,,Ben Shelton,L,193,USA,23.343,9,3560,D0F6,,,Gabriel Diallo,R,203,CAN,24.383,38,1175,6-4 6-4,3,R32,97,13,3,59,34,28,16,10,3,3,6,3,56,36,29,7,10,1,3
2026-424,Dallas,Hard,32,500,I,20260211,10,P0HT,,,Jack Pinnington Jones,R,180,GBR,22.872,181,331,C0E9,4,,Flavio Cobolli,R,183,ITA,23.77,20,1955,6-2 6-2,3,R32,53,11,2,38,28,25,7,8,0,0,4,2,42,22,13,8,8,1,5
2026-424,Dallas,Hard,32,500,I,20260211,11,K0AZ,,,Aleksandar Kovacevic,R,183,USA,27.455,78,721,K0A3,,,Patrick Kypson,R,188,USA,26.292,109,552,6-4 7-6(1),3,R32,84,24,2,57,36,34,14,11,0,0,7,1,70,50,36,12,11,5,6
2026-424,Dallas,Hard,32,500,I,20260211,12,M0QI,,,Alex Michelsen,R,193,USA,21.465,41,1160,D875,,,Grigor Dimitrov,R,191,BUL,34.743,43,1105,5-7 6-4 6-4,3,R32,125,16,4,92,71,54,12,16,4,5,14,5,89,53,44,17,16,1,3
2026-506,Buenos Aires,Clay,28,250,O,20260211,10,U182,6,,Camilo Ugo Carabelli,R,185,ARG,26.656,47,1028,C0DF,,,Francisco Comesana,R,178,ARG,25.35,63,869,6-4 7-6(3),3,R32,125,1,2,82,56,35,14,11,5,7,2,4,65,46,31,8,11,1,4
2026-506,Buenos Aires,Clay,28,250,O,20260211,11,BK40,8,,Matteo Berrettini,R,196,ITA,29.834,58,895,CE77,,,Federico Coria,R,180,ARG,33.927,322,156,7-5 7-5,3,R32,134,4,2,66,46,36,12,12,1,2,1,1,103,68,37,19,12,8,11
2026-506,Buenos Aires,Clay,28,250,O,20260211,12,B0ID,,,Ignacio Buse,R,183,PER,21.884,96,623,P0CT,,,Francesco Passaro,R,180,ITA,25.095,159,376,5-7 7-5 6-4,3,R32,154,4,2,103,63,48,18,17,3,6,1,3,102,61,40,25,17,6,10
2026-407,Rotterdam,Hard,32,500,I,20260211,11,W367,,,Stan Wawrinka,R,183,SUI,40.876,106,562,B0T6,,,Thijs Boogaard,R,183,NED,17.605,1048,17,6-3 6-4,3,R32,82,9,2,65,31,28,19,10,3,3,1,3,56,35,25,11,9,4,6
2026-407,Rotterdam,Hard,32,500,I,20260211,12,O483,,,Christopher O'Connell,R,183,AUS,31.693,119,511,N771,6,,Cameron Norrie,L,188,GBR,30.472,26,1603,7-6(9) 6-4,3,R16,117,12,1,84,49,31,23,11,1,2,6,2,80,52,39,11,11,2,4
2026-407,Rotterdam,Hard,32,500,I,20260211,13,BK92,3,,Alexander Bublik,R,196,KAZ,28.654,10,3235,HB71,,,Hubert Hurkacz,R,196,POL,28.999,70,775,6-7(2) 7-6(1) 7-5,3,R32,142,13,4,119,74,60,22,18,5,6,25,9,107,56,51,23,18,1,3
2026-407,Rotterdam,Hard,32,500,I,20260211,14,KE29,5,,Karen Khachanov,R,198,RUS,29.728,18,2320,D0C1,,,Jesper de Jong,R,180,NED,25.7,86,673,3-6 6-4 7-5,3,R32,143,10,2,87,54,41,20,15,4,6,7,3,103,52,37,27,16,4,7
2026-407,Rotterdam,Hard,32,500,I,20260211,15,TE51,,,Stefanos Tsitsipas,R,193,GRE,27.502,32,1445,RC91,8,,Arthur Rinderknech,R,196,FRA,30.557,28,1542,7-5 6-3,3,R32,81,2,4,57,36,31,14,11,1,1,4,5,60,37,32,7,10,3,5
2026-506,Buenos Aires,Clay,28,250,O,20260211,13,N0BS,,,Mariano Navone,R,178,ARG,24.956,73,760,N0AM,,,Emilio Nava,R,185,USA,24.194,81,710,6-2 6-1,3,R32,63,1,1,43,27,23,7,7,2,2,1,2,44,28,14,4,8,1,6
2026-407,Rotterdam,Hard,32,500,I,20260211,16,D0H9,,,Guy Den Ouden,R,183,NED,23.847,169,355,F724,,,Marton Fucsovics,R,188,HUN,34.01,49,1009,7-6(5) 6-1,3,R32,111,2,3,92,53,34,22,10,11,12,2,4,62,35,22,15,9,1,4
2026-407,Rotterdam,Hard,32,500,I,20260212,17,GJ37,7,,Tallon Griekspoor,R,188,NED,29.615,27,1585,HB64,,,Quentin Halys,R,191,FRA,29.298,77,725,7-5 7-6(11),3,R16,121,16,0,70,50,43,15,12,0,0,20,4,108,73,59,10,12,7,8
2026-407,Rotterdam,Hard,32,500,I,20260212,18,AG37,2,,Felix Auger-Aliassime,R,193,CAN,25.514,6,3950,P09Z,,,Alexei Popyrin,R,196,AUS,26.524,50,1000,7-5 6-3,3,R32,92,8,3,61,41,34,11,11,2,2,6,1,57,39,26,11,10,1,3
2026-424,Dallas,Hard,32,500,I,20260212,13,K0AH,,,Sebastian Korda,R,196,USA,25.607,53,960,TD51,8,,Frances Tiafoe,R,188,USA,28.063,30,1510,7-5 6-1,3,R16,68,8,1,50,34,30,8,10,1,2,8,1,49,32,22,6,9,3,7
2026-424,Dallas,Hard,32,500,I,20260212,14,FB98,1,,Taylor Fritz,R,196,USA,28.293,7,3940,N0AE,,,Brandon Nakashima,R,188,USA,24.528,29,1535,6-3 6-4,3,R16,69,15,3,54,41,34,8,10,3,3,5,0,50,34,22,10,9,0,2
2026-424,Dallas,Hard,32,500,I,20260212,15,DH50,3,,Alejandro Davidovich Fokina,R,180,ESP,26.691,14,2535,M0QI,,,Alex Michelsen,R,193,USA,21.467,41,1160,6-4 6-4,3,R16,78,7,0,68,52,40,7,10,1,1,7,1,59,42,31,7,10,1,3
2026-424,Dallas,Hard,32,500,I,20260212,16,PL56,5,,Tommy Paul,R,185,USA,28.742,24,1700,B0CD,,,Jenson Brooksby,R,193,USA,25.298,45,1042,4-6 6-4 7-6(4),3,R32,142,10,1,90,54,46,22,16,1,2,3,1,100,59,45,23,16,3,4
2026-424,Dallas,Hard,32,500,I,20260212,17,ME82,,,Adrian Mannarino,L,180,FRA,37.624,52,975,W09E,,,Adam Walton,R,183,AUS,26.825,93,643,6-4 6-2,3,R32,84,5,0,56,35,24,12,9,7,9,4,0,53,29,14,12,9,1,6
2026-424,Dallas,Hard,32,500,I,20260212,18,Q02L,,,Ethan Quinn,R,191,USA,21.922,74,758,S0VM,,,Trevor Svajda,R,175,USA,19.817,363,131,7-6(3) 7-5,3,R32,106,8,3,72,47,41,9,12,2,3,6,1,78,44,34,15,12,4,6
2026-424,Dallas,Hard,32,500,I,20260212,19,S0JA,,,Eliot Spizzirri,R,185,USA,24.14,68,781,D994,,,James Duckworth,R,183,AUS,34.062,83,691,6-2 6-4,3,R32,79,8,0,45,32,28,8,9,0,0,5,1,76,49,27,14,9,5,8
2026-506,Buenos Aires,Clay,28,250,O,20260212,14,C0AU,1,,Francisco Cerundolo,R,185,ARG,27.502,19,2135,DA31,,,Hugo Dellien,R,180,BOL,32.66,167,355,6-0 7-6(6),3,R16,84,4,0,60,39,30,15,9,5,5,2,1,65,46,25,11,9,6,9
2026-506,Buenos Aires,Clay,28,250,O,20260212,15,TE30,,,Alejandro Tabilo,L,188,CHI,28.698,71,774,F0FV,3,,Joao Fonseca,R,188,BRA,19.48,33,1440,6-3 3-6 7-5,3,R16,144,5,1,84,52,40,16,15,4,7,5,0,102,61,39,24,15,7,11
2026-506,Buenos Aires,Clay,28,250,O,20260212,16,EA24,7,,Tomas Martin Etcheverry,R,196,ARG,26.574,54,945,B0FV,,,Roman Andres Burruchaga,R,183,ARG,24.055,104,568,7-6(5) 6-7(3) 6-4,3,R16,217,6,3,122,81,55,19,17,6,10,4,5,121,81,53,21,17,8,13
2026-506,Buenos Aires,Clay,28,250,O,20260212,17,KI82,,,Vit Kopriva,R,178,CZE,28.663,95,632,BK40,8,,Matteo Berrettini,R,196,ITA,29.837,58,895,6-4 6-3,3,R16,94,0,0,56,35,27,14,10,2,2,4,0,69,43,29,13,9,6,8
2026-407,Rotterdam,Hard,32,500,I,20260212,19,DH58,1,,Alex de Minaur,R,183,AUS,26.987,8,3835,W367,,,Stan Wawrinka,R,183,SUI,40.879,106,562,6-4 6-2,3,R16,69,3,0,43,29,22,10,9,0,1,3,4,57,26,15,15,9,2,6
2026-407,Rotterdam,Hard,32,500,I,20260212,20,MU94,,,Jaume Munar,R,183,ESP,28.775,37,1185,KE29,5,,Karen Khachanov,R,198,RUS,29.73,18,2320,7-6(8) 3-6 6-3,3,R16,152,4,3,87,49,43,23,15,0,1,7,0,104,66,51,22,15,4,5
2026-407,Rotterdam,Hard,32,500,I,20260212,21,HH26,,,Ugo Humbert,L,188,FRA,27.633,36,1335,D0H9,,,Guy Den Ouden,R,183,NED,23.849,169,355,6-4 6-3,3,R16,80,3,2,56,30,19,18,10,2,4,0,2,53,30,16,12,9,0,4
2026-407,Rotterdam,Hard,32,500,I,20260212,22,V812,,,Botic van de Zandschulp,R,191,NED,30.36,65,849,TE51,,,Stefanos Tsitsipas,R,193,GRE,27.504,32,1445,6-4 7-6(4),3,R16,109,4,4,76,50,39,14,11,5,6,8,4,85,53,35,15,11,3,5
2026-506,Buenos Aires,Clay,28,250,O,20260212,18,D0FJ,2,,Luciano Darderi,R,183,ITA,23.995,22,1789,BS86,,,Tomas Barrios Vera,R,191,CHI,28.175,114,546,6-1 6-3,3,R16,82,6,4,49,22,21,13,8,3,4,0,1,55,34,16,6,8,4,9
2026-407,Rotterdam,Hard,32,500,I,20260213,23,BK92,3,,Alexander Bublik,R,196,KAZ,28.66,10,3235,SL28,,,Jan-Lennard Struff,R,193,GER,35.806,82,706,7-6(2) 4-6 6-3,3,R16,125,13,7,112,54,41,33,16,5,7,9,2,90,57,46,16,15,7,9
2026-407,Rotterdam,Hard,32,500,I,20260213,24,AG37,2,,Felix Auger-Aliassime,R,193,CAN,25.517,6,3950,M0JF,,,Hamad Medjedovic,R,188,SRB,22.576,79,717,6-4 6-4,3,R16,90,9,1,56,36,30,11,10,1,1,5,1,66,40,28,14,10,2,4
2026-424,Dallas,Hard,32,500,I,20260213,20,S0S1,2,,Ben Shelton,L,193,USA,23.348,9,3560,ME82,,,Adrian Mannarino,L,180,FRA,37.626,52,975,7-6(2) 6-7(4) 6-3,3,R16,160,23,1,108,77,59,16,17,6,8,12,4,107,63,47,21,16,3,6
2026-424,Dallas,Hard,32,500,I,20260213,21,SU55,7,,Denis Shapovalov,L,185,CAN,26.834,40,1160,K0AZ,,,Aleksandar Kovacevic,R,183,USA,27.461,78,721,6-4 6-4,3,R16,66,22,1,48,32,30,10,10,0,0,4,2,56,37,29,7,10,2,4
2026-424,Dallas,Hard,32,500,I,20260213,22,C977,,,Marin Cilic,R,198,CRO,37.377,61,890,Q02L,,,Ethan Quinn,R,191,USA,21.925,74,758,7-6(4) 6-3,3,R16,97,15,5,62,38,38,14,11,0,0,12,1,76,49,38,12,10,4,5
2026-424,Dallas,Hard,32,500,I,20260213,23,P0HT,,,Jack Pinnington Jones,R,180,GBR,22.877,181,331,S0JA,,,Eliot Spizzirri,R,185,USA,24.142,68,781,7-6(5) 4-6 7-6(4),3,R16,172,14,8,116,81,66,15,17,4,5,13,0,101,77,60,16,17,0,0
2026-506,Buenos Aires,Clay,28,250,O,20260213,19,U182,6,,Camilo Ugo Carabelli,R,185,ARG,26.661,47,1028,N0BS,,,Mariano Navone,R,178,ARG,24.961,73,760,6-2 7-5,3,R16,122,1,1,65,39,23,17,10,4,6,0,4,74,45,25,12,10,4,9
2026-506,Buenos Aires,Clay,28,250,O,20260213,20,B0BI,4,,Sebastian Baez,R,170,ARG,25.128,34,1420,B0ID,,,Ignacio Buse,R,183,PER,21.889,96,623,6-4 6-3,3,R16,83,1,1,49,31,23,12,9,1,2,2,0,62,41,21,13,10,4,8
2026-506,Buenos Aires,Clay,28,250,O,20260213,21,MO44,,,Pedro Martinez,R,185,ESP,28.802,94,636,C0C8,,,Juan Manuel Cerundolo,L,183,ARG,24.246,80,717,7-6(5) 6-4,3,R16,123,0,3,72,53,37,6,11,3,6,3,2,71,53,32,10,11,2,6
2026-407,Rotterdam,Hard,32,500,I,20260213,25,DH58,1,,Alex de Minaur,R,183,AUS,26.99,8,3835,V812,,,Botic van de Zandschulp,R,191,NED,30.363,65,849,3-6 7-6(4) 7-5,3,QF,164,4,3,100,67,50,18,16,5,7,12,8,119,69,52,24,17,3,5
2026-407,Rotterdam,Hard,32,500,I,20260213,26,HH26,,,Ugo Humbert,L,188,FRA,27.636,36,1335,O483,,,Christopher O'Connell,R,183,AUS,31.699,119,511,6-4 6-1,3,QF,77,5,2,49,26,25,13,9,0,0,4,1,50,27,16,11,8,4,7
2026-424,Dallas,Hard,32,500,I,20260213,24,KI95,,,Miomir Kecmanovic,R,183,SRB,26.456,66,820,PL56,5,,Tommy Paul,R,185,USA,28.745,24,1700,5-7 6-4 6-4,3,R16,120,6,2,89,64,49,14,16,4,6,14,1,90,58,46,13,16,3,6
2026-506,Buenos Aires,Clay,28,250,O,20260213,22,EA24,7,,Tomas Martin Etcheverry,R,196,ARG,26.576,54,945,TE30,,,Alejandro Tabilo,L,188,CHI,28.701,71,774,1-6 6-3 6-4,3,QF,126,9,0,80,56,39,12,13,2,5,2,3,70,45,29,15,13,0,3
2026-407,Rotterdam,Hard,32,500,I,20260213,27,AG37,2,,Felix Auger-Aliassime,R,193,CAN,25.517,6,3950,GJ37,7,,Tallon Griekspoor,R,188,NED,29.618,27,1585,7-6(2) 6-2,3,QF,104,9,3,63,37,34,14,10,1,1,3,3,68,46,32,9,10,4,6
2026-424,Dallas,Hard,32,500,I,20260213,25,FB98,1,,Taylor Fritz,R,196,USA,28.296,7,3940,K0AH,,,Sebastian Korda,R,196,USA,25.61,53,960,6-7(2) 6-4 7-6(5),3,QF,149,22,3,116,86,69,12,17,4,4,12,0,103,69,57,19,17,1,2
2026-424,Dallas,Hard,32,500,I,20260213,26,C977,,,Marin Cilic,R,198,CRO,37.377,61,890,P0HT,,,Jack Pinnington Jones,R,180,GBR,22.877,181,331,6-1 6-4,3,QF,77,16,0,51,33,28,9,9,2,2,3,3,56,32,20,10,8,4,7
2026-506,Buenos Aires,Clay,28,250,O,20260213,23,C0AU,1,,Francisco Cerundolo,R,185,ARG,27.504,19,2135,KI82,,,Vit Kopriva,R,178,CZE,28.665,95,632,6-4 6-3,3,QF,97,3,2,62,38,28,10,10,3,6,2,4,67,42,26,6,9,7,12
2026-407,Rotterdam,Hard,32,500,I,20260214,28,BK92,3,,Alexander Bublik,R,196,KAZ,28.663,10,3235,MU94,,,Jaume Munar,R,183,ESP,28.78,37,1185,6-4 6-7(4) 7-6(3),3,QF,162,10,7,113,61,50,31,17,10,11,8,1,110,61,48,26,17,4,6
2026-424,Dallas,Hard,32,500,I,20260214,27,S0S1,2,,Ben Shelton,L,193,USA,23.351,9,3560,KI95,,,Miomir Kecmanovic,R,183,SRB,26.459,66,820,5-7 6-3 6-4,3,QF,118,14,7,90,64,59,8,16,1,2,7,2,85,51,44,16,15,3,5
2026-424,Dallas,Hard,32,500,I,20260214,28,SU55,7,,Denis Shapovalov,L,185,CAN,26.836,40,1160,DH50,3,,Alejandro Davidovich Fokina,R,180,ESP,26.697,14,2535,5-7 6-4 6-3,3,QF,117,17,2,89,54,41,21,16,2,3,2,3,86,63,48,12,15,5,7
2026-506,Buenos Aires,Clay,28,250,O,20260214,24,D0FJ,2,,Luciano Darderi,R,183,ITA,24,22,1789,MO44,,,Pedro Martinez,R,185,ESP,28.805,94,636,7-5 6-1,3,QF,91,9,3,64,37,34,11,10,4,4,0,3,56,40,26,5,9,1,4
2026-506,Buenos Aires,Clay,28,250,O,20260214,25,B0BI,4,,Sebastian Baez,R,170,ARG,25.131,34,1420,U182,6,,Camilo Ugo Carabelli,R,185,ARG,26.664,47,1028,7-6(5) 6-2,3,QF,119,1,1,67,46,32,15,10,5,7,2,4,94,56,37,14,10,9,13
2026-407,Rotterdam,Hard,32,500,I,20260214,29,DH58,1,,Alex De Minaur,R,183,AUS,26.992,8,3835,HH26,,,Ugo Humbert,L,188,FRA,27.639,36,1335,6-4 6-3,3,SF,92,1,2,76,51,34,14,9,10,10,0,2,52,29,20,15,10,1,4
2026-407,Rotterdam,Hard,32,500,I,20260215,30,AG37,2,,Felix Auger-Aliassime,R,193,CAN,25.522,6,3950,BK92,3,,Alexander Bublik,R,196,KAZ,28.665,10,3235,6-1 6-2,3,SF,54,7,3,40,28,27,6,8,0,0,4,1,44,30,16,5,7,2,6
2026-424,Dallas,Hard,32,500,I,20260215,29,FB98,1,,Taylor Fritz,R,196,USA,28.301,7,3940,C977,,,Marin Cilic,R,198,CRO,37.383,61,890,7-6(5) 7-6(3),3,SF,122,22,0,75,56,48,11,12,0,0,16,8,97,54,44,21,12,5,5
2026-424,Dallas,Hard,32,500,I,20260215,30,S0S1,2,,Ben Shelton,L,193,USA,23.354,9,3560,SU55,7,,Denis Shapovalov,L,185,CAN,26.839,40,1160,4-6 6-4 7-6(4),3,SF,156,8,4,113,81,59,18,16,10,11,4,2,109,68,50,25,16,5,6
2026-506,Buenos Aires,Clay,28,250,O,20260215,26,C0AU,1,,Francisco Cerundolo,R,185,ARG,27.51,19,2135,EA24,7,,Tomas Martin Etcheverry,R,196,ARG,26.582,54,945,6-3 7-5,3,SF,111,3,0,67,42,35,14,11,1,1,4,1,64,39,25,14,10,3,5
2026-506,Buenos Aires,Clay,28,250,O,20260215,27,D0FJ,2,,Luciano Darderi,R,183,ITA,24.003,22,1789,B0BI,4,,Sebastian Baez,R,170,ARG,25.133,34,1420,7-6(2) 6-1,3,SF,78,3,0,51,32,27,15,9,0,0,1,1,65,47,27,11,10,1,4
2026-407,Rotterdam,Hard,32,500,I,20260215,31,DH58,1,,Alex de Minaur,R,183,AUS,26.995,8,3835,AG37,2,,Felix Auger-Aliassime,R,193,CAN,25.522,6,3950,6-3 6-2,3,F,78,1,1,51,34,26,11,9,0,0,2,3,45,22,18,7,8,2,5
2026-424,Dallas,Hard,32,500,I,20260215,31,S0S1,2,,Ben Shelton,L,193,USA,23.357,9,3560,FB98,1,,Taylor Fritz,R,196,USA,28.304,7,3940,3-6 6-3 7-5,3,F,111,16,0,89,63,42,17,15,5,7,14,1,73,49,43,10,15,2,5
2026-506,Buenos Aires,Clay,28,250,O,20260215,28,C0AU,1,,Francisco Cerundolo,R,185,ARG,27.513,19,2135,D0FJ,2,,Luciano Darderi,R,183,ITA,24.005,22,1789,6-4 6-2,3,F,96,1,4,68,36,22,20,9,6,7,3,3,58,33,24,6,9,6,10
2026-451,Doha,Hard,32,500,O,20260216,1,R0EB,,,Valentin Royer,R,188,FRA,24.72,60,897,H996,,,Pierre-Hugues Herbert,R,188,FRA,34.919,190,313,6-0 6-3,3,R32,62,2,1,48,30,24,8,8,1,2,4,4,51,35,19,2,7,1,6
2026-451,Doha,Hard,32,500,O,20260216,2,P09Z,,,Alexei Popyrin,R,196,AUS,26.535,53,1000,AC39,,,Mubarak Shannan Zayid,R,,QAT,30.845,,,6-0 6-2,3,R32,58,5,1,40,27,23,8,7,1,1,0,6,40,21,9,6,7,3,8
2026-451,Doha,Hard,32,500,O,20260216,3,S0AG,2,,Jannik Sinner,R,191,ITA,24.504,2,10300,M0FH,,,Tomas Machac,R,183,CZE,25.35,31,1510,6-1 6-4,3,R32,70,7,0,42,29,25,11,9,0,0,1,4,64,38,25,10,8,8,11
2026-451,Doha,Hard,32,500,O,20260216,4,M0NI,6,,Jakub Mensik,R,196,CZE,20.46,16,2425,CH12,,,Jan Choinski,R,196,GBR,29.687,124,498,6-7(6) 6-2 6-4,3,R32,138,10,2,93,61,46,16,15,2,4,3,2,103,70,44,16,15,5,10
2026-451,Doha,Hard,32,500,O,20260216,5,F0F1,,,Arthur Fils,R,185,FRA,21.681,40,1110,MQ75,,,Kamil Majchrzak,R,183,POL,30.094,56,920,6-7(5) 6-3 6-4,3,R32,130,5,5,99,65,49,18,16,0,1,7,5,107,70,50,16,15,3,6
2026-451,Doha,Hard,32,500,O,20260216,6,MM58,4,,Daniil Medvedev,R,198,RUS,30.015,11,3010,S0RE,,,Juncheng Shang,L,180,CHN,21.038,261,205,6-4 6-2,3,R32,75,6,1,53,42,33,7,9,1,1,1,2,59,39,25,8,9,5,8
2026-499,Delray Beach,Hard,28,250,O,20260216,1,M0QI,,,Alex Michelsen,R,193,USA,21.478,41,1110,VA25,6,,Valentin Vacherot,R,193,MON,27.253,26,1605,7-6(4) 6-4,3,R32,88,5,2,58,39,36,13,11,0,0,10,3,65,43,36,11,11,2,3
2026-499,Delray Beach,Hard,28,250,O,20260216,2,A0GC,,,Terence Atmane,L,193,FRA,24.104,66,833,K0A3,,,Patrick Kypson,R,188,USA,26.305,105,565,6-3 2-6 6-4,3,R32,103,11,2,74,43,32,20,14,1,3,5,2,72,50,39,11,13,1,3
2026-499,Delray Beach,Hard,28,250,O,20260216,3,W0BH,,,Coleman Wong,R,191,HKG,21.697,137,458,BT72,,,Nuno Borges,R,185,POR,28.991,45,1070,7-6(5) 4-6 6-3,3,R32,127,14,3,100,68,50,19,16,9,11,8,3,98,66,49,17,15,3,5
2026-6932,Rio de Janeiro,Clay,32,500,O,20260216,1,T0A1,,,Thiago Agustin Tirante,R,185,ARG,24.854,92,647,GD64,,,Cristian Garin,R,185,CHI,29.717,89,656,7-5 6-3,3,R32,113,12,0,69,38,27,17,11,5,7,2,5,65,39,24,12,10,4,8
2026-499,Delray Beach,Hard,28,250,O,20260217,4,TD51,8,,Frances Tiafoe,R,188,USA,28.077,28,1550,H0BH,,,Rinky Hijikata,R,178,AUS,24.983,113,546,6-4 6-4,3,R32,73,6,0,48,34,32,9,10,1,1,5,1,59,34,24,15,10,5,7
2026-499,Delray Beach,Hard,28,250,O,20260217,5,GC88,,,Marcos Giron,R,180,USA,32.569,64,855,SY67,,,Sho Shimabukuro,R,180,JPN,28.553,135,466,6-3 7-5,3,R32,86,2,2,75,40,28,25,11,9,9,10,2,59,39,30,7,10,3,5
2026-6932,Rio de Janeiro,Clay,32,500,O,20260217,2,H997,,,Yannick Hanfmann,R,193,GER,34.264,90,653,R0A7,,,Joao Lucas Reis Da Silva,R,178,BRA,25.897,207,291,7-6(3) 6-4,3,R32,117,6,1,69,50,40,8,11,2,4,1,3,79,54,36,9,11,6,9
2026-6932,Rio de Janeiro,Clay,32,500,O,20260217,3,L987,,,Dusan Lajovic,R,183,SRB,35.636,129,485,AE14,7,,Daniel Altmaier,R,188,GER,27.433,54,961,6-4 7-6(7),3,R32,121,2,1,73,56,44,7,11,1,2,8,2,89,56,39,13,11,6,8
2026-6932,Rio de Janeiro,Clay,32,500,O,20260217,4,B0ID,,,Ignacio Buse,R,183,PER,21.9,91,648,RD48,,,Igor Marcondes,L,185,BRA,28.674,348,138,4-6 7-5 6-4,3,R32,162,3,1,113,76,55,18,16,12,14,6,2,86,53,40,19,16,3,6
2026-6932,Rio de Janeiro,Clay,32,500,O,20260217,5,KI82,,,Vit Kopriva,R,178,CZE,28.676,87,660,H0DU,,,Gustavo Heide,R,191,BRA,23.97,258,207,6-2 7-6(5),3,R32,109,2,1,65,42,30,17,10,7,8,1,1,66,36,23,16,10,2,5
2026-6932,Rio de Janeiro,Clay,32,500,O,20260217,6,TE30,,,Alejandro Tabilo,L,188,CHI,28.712,68,808,N0AM,,,Emilio Nava,R,185,USA,24.211,76,710,6-3 6-3,3,R32,63,3,0,42,35,29,7,9,0,0,6,3,53,38,25,6,9,4,7
2026-451,Doha,Hard,32,500,O,20260217,7,A0E2,1,,Carlos Alcaraz,R,183,ESP,22.79,1,13150,RC91,,,Arthur Rinderknech,R,196,FRA,30.574,30,1530,6-4 7-6(5),3,R32,107,2,1,69,53,45,8,11,2,2,6,1,83,56,42,13,11,5,6
2026-451,Doha,Hard,32,500,O,20260217,8,KE29,7,,Karen Khachanov,R,198,RUS,29.744,17,2360,M0HU,,,Shintaro Mochizuki,R,175,JPN,22.713,117,525,6-1 3-6 6-4,3,R32,115,7,2,74,46,35,12,13,2,5,6,7,96,51,29,22,13,8,13
2026-451,Doha,Hard,32,500,O,20260217,9,L0BV,8,,Jiri Lehecka,R,185,CZE,24.277,22,1860,B0CD,,,Jenson Brooksby,R,193,USA,25.311,47,1042,6-3 6-3,3,R32,82,5,3,59,42,32,8,9,4,5,0,3,63,42,24,9,9,3,7
2026-451,Doha,Hard,32,500,O,20260217,10,BU13,,,Zizou Bergs,R,185,BEL,26.71,44,1080,M0GZ,,,Giovanni Mpetshi Perricard,R,203,FRA,22.615,58,905,6-3 6-7(5) 6-4,3,R32,135,17,2,101,61,48,26,16,1,1,7,2,89,64,50,13,15,2,4
2026-451,Doha,Hard,32,500,O,20260217,11,F724,,,Marton Fucsovics,R,188,HUN,34.026,61,891,HF80,,,Hady Habib,R,188,LBN,27.493,334,143,6-3 6-3,3,R32,70,1,2,52,39,26,9,9,2,3,1,6,55,29,20,10,9,3,7
2026-451,Doha,Hard,32,500,O,20260217,12,HB64,,,Quentin Halys,R,191,FRA,29.311,72,762,CD85,,,Pablo Carreno Busta,R,188,ESP,34.604,123,504,4-6 7-5 6-3,3,R32,143,14,2,91,47,40,23,16,5,7,4,0,94,62,40,18,15,1,4
2026-451,Doha,Hard,32,500,O,20260217,13,M0CI,,,Fabian Marozsan,R,193,HUN,26.363,48,1040,HH26,,,Ugo Humbert,L,188,FRA,27.647,36,1285,6-3 6-1,3,R32,57,1,1,39,30,26,6,8,0,0,1,2,47,25,14,11,8,3,7
2026-451,Doha,Hard,32,500,O,20260217,14,TE51,,,Stefanos Tsitsipas,R,193,GRE,27.518,33,1485,EA13,,,Moez Echargui,R,178,TUN,33.103,139,449,6-4 6-4,3,R32,84,5,0,54,33,27,14,10,0,0,4,1,63,44,31,8,10,5,7
2026-451,Doha,Hard,32,500,O,20260217,15,Z371,,,Zhizhen Zhang,R,193,CHN,29.339,319,155,CF59,,,Roberto Carballes Baena,R,183,ESP,32.906,175,350,6-4 6-4,3,R32,74,10,0,60,40,35,10,10,1,1,7,2,54,37,28,8,10,0,2
2026-451,Doha,Hard,32,500,O,20260218,16,RE44,5,,Andrey Rublev,R,188,RUS,28.331,14,2510,D0C1,,,Jesper de Jong,R,180,NED,25.72,86,665,6-4 6-3,3,R32,78,4,2,54,34,22,10,9,2,4,5,1,59,36,22,9,10,3,8
2026-499,Delray Beach,Hard,28,250,O,20260218,6,KI95,,,Miomir Kecmanovic,R,183,SRB,26.47,83,670,B0GG,,,Mattia Bellucci,L,175,ITA,24.717,109,553,6-1 6-4,3,R32,62,3,1,42,27,23,13,9,0,0,3,3,49,29,18,8,8,1,4
2026-499,Delray Beach,Hard,28,250,O,20260218,7,N0AE,7,,Brandon Nakashima,R,188,USA,24.545,29,1535,C977,,,Marin Cilic,R,198,CRO,37.391,43,1090,7-6(4) 7-6(5),3,R32,132,13,0,87,56,47,17,12,1,1,8,1,89,58,47,15,12,2,2
2026-499,Delray Beach,Hard,28,250,O,20260218,8,J0DZ,,,Rafael Jodar,R,191,ESP,19.422,118,523,Q02L,,,Ethan Quinn,R,191,USA,21.938,70,776,6-2 6-3,3,R32,78,2,2,51,30,18,13,8,1,3,4,3,64,44,27,4,9,4,10
2026-499,Delray Beach,Hard,28,250,O,20260218,9,K0AH,,,Sebastian Korda,R,196,USA,25.624,50,1020,MK66,,,Mackenzie McDonald,R,178,USA,30.845,116,535,6-4 7-5,3,R32,88,14,0,58,44,38,8,11,2,2,2,3,73,47,30,16,11,1,3
2026-499,Delray Beach,Hard,28,250,O,20260218,10,S0K7,,,Zachary Svajda,R,175,USA,23.222,106,563,K0AZ,,,Aleksandar Kovacevic,R,183,USA,27.474,75,746,7-6(4) 6-3,3,R32,88,17,2,91,54,46,18,11,9,9,14,4,54,31,29,12,10,2,3
2026-499,Delray Beach,Hard,28,250,O,20260218,11,W09E,,,Adam Walton,R,183,AUS,26.842,93,643,D0F6,,,Gabriel Diallo,R,203,CAN,24.402,39,1175,7-6(4) 6-3,3,R32,90,5,0,71,54,40,10,11,1,1,4,1,58,44,32,7,10,0,1
2026-6932,Rio de Janeiro,Clay,32,500,O,20260218,7,F0FV,3,,Joao Fonseca,R,188,BRA,19.496,38,1190,MJ08,,,Thiago Monteiro,L,183,BRA,31.721,208,290,7-6(1) 6-1,3,R32,94,7,1,60,43,36,10,10,0,0,9,2,61,42,31,5,9,3,5
2026-6932,Rio de Janeiro,Clay,32,500,O,20260218,8,C0AU,1,,Francisco Cerundolo,R,185,ARG,27.518,19,2220,N0BS,,,Mariano Navone,R,178,ARG,24.975,74,750,6-3 6-4,3,R32,91,1,2,68,43,31,12,10,10,12,0,2,50,33,22,5,9,1,5
2026-6932,Rio de Janeiro,Clay,32,500,O,20260218,9,C0C8,,,Juan Manuel Cerundolo,L,183,ARG,24.26,78,706,D0FJ,2,,Luciano Darderi,R,183,ITA,24.011,21,1904,6-1 3-6 6-4,3,R32,137,4,2,90,66,44,13,13,6,8,1,2,76,47,34,11,13,7,11
2026-6932,Rio de Janeiro,Clay,32,500,O,20260218,10,B0FV,,,Roman Andres Burruchaga,R,183,ARG,24.071,102,580,U182,5,,Camilo Ugo Carabelli,R,185,ARG,26.675,46,1068,6-3 6-4,3,R32,96,5,3,63,44,34,11,10,3,3,2,4,64,32,19,19,9,1,3
2026-6932,Rio de Janeiro,Clay,32,500,O,20260218,11,EA24,8,,Tomas Martin Etcheverry,R,196,ARG,26.59,51,1020,C0DF,,,Francisco Comesana,R,178,ARG,25.369,63,869,3-6 6-3 6-4,3,R32,156,6,2,81,54,39,17,14,3,4,8,4,80,51,41,15,14,3,5
2026-6932,Rio de Janeiro,Clay,32,500,O,20260218,12,BK40,,,Matteo Berrettini,R,196,ITA,29.854,57,910,BS86,,,Tomas Barrios Vera,R,191,CHI,28.192,107,563,7-6(1) 7-5,3,R32,145,6,2,75,48,38,18,12,5,5,3,0,88,68,43,12,12,5,6
2026-6932,Rio de Janeiro,Clay,32,500,O,20260218,13,P0CT,,,Francesco Passaro,R,180,ITA,25.114,163,376,P0HW,,,Dino Prizmic,R,188,CRO,20.539,122,507,6-3 6-4,3,R32,106,3,0,55,32,25,12,9,3,4,2,3,71,39,24,16,10,9,13
2026-499,Delray Beach,Hard,28,250,O,20260218,12,PL56,5,,Tommy Paul,R,185,USA,28.758,24,1700,MW02,,,Corentin Moutet,L,180,FRA,26.836,34,1383,4-6 6-3 6-4,3,R32,150,11,2,82,56,45,12,15,2,5,4,6,111,72,44,20,14,17,21
2026-6932,Rio de Janeiro,Clay,32,500,O,20260218,15,F0F2,,,Jaime Faria,R,188,POR,22.538,147,425,B0BI,4,,Sebastian Baez,R,170,ARG,25.142,32,1495,7-5 6-1,3,R32,95,2,2,54,35,28,8,10,1,3,2,5,68,47,29,3,9,6,11
2026-6932,Rio de Janeiro,Clay,32,500,O,20260218,16,D923,,,Damir Dzumhur,R,175,BIH,33.749,62,877,MO44,,,Pedro Martinez,R,185,ESP,28.816,101,586,0-6 7-6(5) 6-4,3,R32,159,1,0,91,65,37,10,14,6,12,4,4,81,52,34,14,14,1,5
2026-6932,Rio de Janeiro,Clay,32,500,O,20260218,17,G0FW,,,Vilius Gaubas,R,178,LTU,21.139,126,490,M0WY,,,Luis Guto Miguel,R,180,BRA,16.977,1593,3,6-3 2-6 6-2,3,R32,131,0,2,80,61,36,12,13,1,3,1,1,84,59,43,10,12,7,10
2026-451,Doha,Hard,32,500,O,20260218,17,A0E2,1,,Carlos Alcaraz,R,183,ESP,22.795,1,13150,R0EB,,,Valentin Royer,R,188,FRA,24.728,60,897,6-2 7-5,3,R16,95,4,2,69,56,37,8,10,4,5,2,2,63,35,21,12,10,4,8
2026-451,Doha,Hard,32,500,O,20260218,18,S0AG,2,,Jannik Sinner,R,191,ITA,24.512,2,10300,P09Z,,,Alexei Popyrin,R,196,AUS,26.543,53,1000,6-3 7-5,3,R16,84,7,0,58,43,34,11,11,0,0,4,0,51,33,24,12,10,1,3
2026-451,Doha,Hard,32,500,O,20260218,19,TE51,,,Stefanos Tsitsipas,R,193,GRE,27.524,33,1485,MM58,4,,Daniil Medvedev,R,198,RUS,30.023,11,3010,6-3 6-4,3,R16,76,4,1,60,45,36,8,10,0,0,3,4,60,39,27,10,9,5,7
2026-451,Doha,Hard,32,500,O,20260218,20,RE44,5,,Andrey Rublev,R,188,RUS,28.334,14,2510,M0CI,,,Fabian Marozsan,R,193,HUN,26.368,48,1040,6-2 6-4,3,R16,67,6,0,47,25,22,15,9,0,0,4,4,58,32,17,16,9,2,5
2026-451,Doha,Hard,32,500,O,20260218,21,M0NI,6,,Jakub Mensik,R,196,CZE,20.468,16,2425,Z371,,,Zhizhen Zhang,R,193,CHN,29.344,319,155,6-3 6-2,3,R16,66,7,1,47,30,24,12,9,0,0,2,3,57,34,21,10,8,9,12
2026-451,Doha,Hard,32,500,O,20260218,22,KE29,7,,Karen Khachanov,R,198,RUS,29.749,17,2360,F724,,,Marton Fucsovics,R,188,HUN,34.031,61,891,6-2 4-6 6-4,3,R16,121,7,1,77,55,46,10,14,5,6,6,2,85,53,39,15,14,3,6
2026-451,Doha,Hard,32,500,O,20260218,23,L0BV,8,,Jiri Lehecka,R,185,CZE,24.282,22,1860,BU13,,,Zizou Bergs,R,185,BEL,26.716,44,1080,6-2 6-1,3,R16,69,9,1,49,28,24,10,8,3,3,2,4,35,20,11,3,7,0,4
2026-451,Doha,Hard,32,500,O,20260218,24,F0F1,,,Arthur Fils,R,185,FRA,21.689,40,1110,HB64,,,Quentin Halys,R,191,FRA,29.317,72,762,6-1 7-6(7),3,R16,89,5,2,62,42,31,14,10,5,6,5,1,70,38,23,17,9,4,7
2026-499,Delray Beach,Hard,28,250,O,20260218,13,W0BH,,,Coleman Wong,R,191,HKG,21.706,137,458,N0AE,7,,Brandon Nakashima,R,188,USA,24.548,29,1535,6-4 7-6(4),3,R16,88,13,0,64,38,32,14,11,2,3,11,0,63,46,33,9,11,2,4
2026-499,Delray Beach,Hard,28,250,O,20260218,14,C0E9,3,,Flavio Cobolli,R,183,ITA,23.792,20,1955,A0GC,,,Terence Atmane,L,193,FRA,24.112,66,833,7-5 6-4,3,R16,101,9,2,67,37,32,15,11,1,2,9,4,72,38,26,16,11,4,7
2026-6932,Rio de Janeiro,Clay,32,500,O,20260218,18,T0A1,,,Thiago Agustin Tirante,R,185,ARG,24.862,92,647,C0AU,1,,Francisco Cerundolo,R,185,ARG,27.521,19,2220,6-2 3-1 RET,3,R16,73,7,0,37,24,19,8,6,1,1,0,2,52,31,14,12,6,6,9
2026-6932,Rio de Janeiro,Clay,32,500,O,20260218,19,C0C8,,,Juan Manuel Cerundolo,L,183,ARG,24.263,78,706,H997,,,Yannick Hanfmann,R,193,GER,34.27,90,653,6-4 6-7(1) 6-4,3,R16,169,9,3,91,64,42,15,16,1,4,6,3,115,72,47,20,16,9,14
2026-6932,Rio de Janeiro,Clay,32,500,O,20260218,20,KI82,,,Vit Kopriva,R,178,CZE,28.682,87,660,B0FV,,,Roman Andres Burruchaga,R,183,ARG,24.074,102,580,6-3 6-1,3,R16,88,3,2,59,38,26,14,8,6,6,6,2,53,29,19,9,8,4,8
2026-499,Delray Beach,Hard,28,250,O,20260219,15,RH16,2,,Casper Ruud,R,183,NOR,27.162,13,2625,GC88,,,Marcos Giron,R,180,USA,32.575,64,855,4-6 7-6(6) 6-4,3,R16,142,20,0,105,75,55,18,16,3,4,9,2,94,63,48,20,16,5,6
2026-499,Delray Beach,Hard,28,250,O,20260219,16,K0AH,,,Sebastian Korda,R,196,USA,25.626,50,1020,M0QI,,,Alex Michelsen,R,193,USA,21.487,41,1110,6-3 7-6(6),3,R16,106,10,2,70,44,34,12,10,5,7,7,2,85,66,42,9,11,9,13
2026-6932,Rio de Janeiro,Clay,32,500,O,20260219,21,TE30,,,Alejandro Tabilo,L,188,CHI,28.717,68,808,P0CT,,,Francesco Passaro,R,180,ITA,25.117,163,376,4-6 7-6(0) 6-2,3,R16,141,4,0,78,50,43,15,15,4,6,4,1,96,68,43,15,15,5,8
2026-451,Doha,Hard,32,500,O,20260219,25,F0F1,,,Arthur Fils,R,185,FRA,21.689,40,1110,L0BV,8,,Jiri Lehecka,R,185,CZE,24.282,22,1860,6-3 6-3,3,QF,89,3,0,67,46,32,8,9,4,6,2,2,69,45,23,10,9,5,10
2026-451,Doha,Hard,32,500,O,20260219,26,RE44,5,,Andrey Rublev,R,188,RUS,28.334,14,2510,TE51,,,Stefanos Tsitsipas,R,193,GRE,27.524,33,1485,6-3 7-6(2),3,QF,95,5,2,71,43,34,16,10,5,5,8,1,61,39,31,9,11,0,2
2026-451,Doha,Hard,32,500,O,20260219,27,A0E2,1,,Carlos Alcaraz,R,183,ESP,22.795,1,13150,KE29,7,,Karen Khachanov,R,198,RUS,29.749,17,2360,6-7(3) 6-4 6-3,3,QF,146,8,2,91,64,49,18,15,3,3,4,2,111,78,55,18,16,7,10
2026-451,Doha,Hard,32,500,O,20260219,28,M0NI,6,,Jakub Mensik,R,196,CZE,20.468,16,2425,S0AG,2,,Jannik Sinner,R,191,ITA,24.512,2,10300,7-6(3) 2-6 6-3,3,QF,131,11,4,85,60,49,9,14,5,7,6,1,90,57,41,21,15,2,4
2026-499,Delray Beach,Hard,28,250,O,20260219,17,T0HA,4,,Learner Tien,L,180,USA,20.216,23,1710,KI95,,,Miomir Kecmanovic,R,183,SRB,26.472,83,670,6-4 6-7(4) 7-6(5),3,R16,135,20,5,105,65,55,20,17,5,7,12,2,120,76,54,24,17,5,8
2026-6932,Rio de Janeiro,Clay,32,500,O,20260219,22,F0F2,,,Jaime Faria,R,188,POR,22.541,147,425,D923,,,Damir Dzumhur,R,175,BIH,33.752,62,877,7-6(1) 6-4,3,R16,123,2,2,65,37,31,17,11,1,2,1,2,75,51,34,13,11,9,11
2026-499,Delray Beach,Hard,28,250,O,20260220,18,FB98,1,,Taylor Fritz,R,196,USA,28.315,8,4220,J0DZ,,,Rafael Jodar,R,191,ESP,19.428,118,523,7-6(4) 6-4,3,R16,106,15,0,68,49,41,8,11,2,3,3,0,94,67,41,15,11,6,8
2026-499,Delray Beach,Hard,28,250,O,20260220,19,PL56,5,,Tommy Paul,R,185,USA,28.764,24,1700,W09E,,,Adam Walton,R,183,AUS,26.847,93,643,7-6(11) 6-3,3,R16,97,10,2,69,42,34,16,11,0,1,7,0,76,56,33,13,10,6,8
2026-499,Delray Beach,Hard,28,250,O,20260220,20,TD51,8,,Frances Tiafoe,R,188,USA,28.085,28,1550,S0K7,,,Zachary Svajda,R,175,USA,23.228,106,563,6-4 3-6 7-5,3,R16,141,5,3,91,57,44,20,15,5,6,14,4,111,69,49,23,16,3,5
2026-6932,Rio de Janeiro,Clay,32,500,O,20260220,23,B0ID,,,Ignacio Buse,R,183,PER,21.908,91,648,F0FV,3,,Joao Fonseca,R,188,BRA,19.502,38,1190,5-7 6-3 6-4,3,R16,146,8,5,96,59,45,21,16,8,9,2,3,90,55,40,20,15,4,6
2026-6932,Rio de Janeiro,Clay,32,500,O,20260220,24,EA24,8,,Tomas Martin Etcheverry,R,196,ARG,26.595,51,1020,G0FW,,,Vilius Gaubas,R,178,LTU,21.144,126,490,7-6(1) 6-4,3,R16,127,7,0,67,47,32,12,11,0,2,1,3,74,60,36,5,11,2,5
2026-6932,Rio de Janeiro,Clay,32,500,O,20260220,25,BK40,,,Matteo Berrettini,R,196,ITA,29.859,57,910,L987,,,Dusan Lajovic,R,183,SRB,35.644,129,485,3-6 6-4 6-2,3,R16,129,7,3,78,56,44,9,13,4,6,6,0,89,64,41,13,14,4,8
2026-451,Doha,Hard,32,500,O,20260220,29,A0E2,1,,Carlos Alcaraz,R,183,ESP,22.798,1,13150,RE44,5,,Andrey Rublev,R,188,RUS,28.337,14,2510,7-6(3) 6-4,3,SF,122,3,2,96,65,40,15,11,9,13,1,1,78,46,29,13,11,6,11
2026-451,Doha,Hard,32,500,O,20260220,30,F0F1,,,Arthur Fils,R,185,FRA,21.692,40,1110,M0NI,6,,Jakub Mensik,R,196,CZE,20.471,16,2425,6-4 7-6(4),3,SF,95,5,1,81,54,39,16,11,7,8,8,5,63,37,30,13,11,3,5
2026-499,Delray Beach,Hard,28,250,O,20260220,21,C0E9,3,,Flavio Cobolli,R,183,ITA,23.795,20,1955,W0BH,,,Coleman Wong,R,191,HKG,21.708,137,458,7-5 6-7(7) 6-2,3,QF,134,11,0,92,49,40,29,16,2,3,15,2,105,62,42,25,16,4,8
2026-6932,Rio de Janeiro,Clay,32,500,O,20260220,26,KI82,,,Vit Kopriva,R,178,CZE,28.684,87,660,C0C8,,,Juan Manuel Cerundolo,L,183,ARG,24.266,78,706,6-4 6-4,3,QF,97,6,4,54,37,32,8,10,0,0,3,4,73,48,31,13,10,6,8
2026-499,Delray Beach,Hard,28,250,O,20260221,22,PL56,5,,Tommy Paul,R,185,USA,28.767,24,1700,FB98,1,,Taylor Fritz,R,196,USA,28.318,8,4220,6-4 6-3,3,QF,76,6,0,56,41,34,7,9,3,3,10,3,70,52,34,6,10,8,11
2026-499,Delray Beach,Hard,28,250,O,20260221,23,K0AH,,,Sebastian Korda,R,196,USA,25.632,50,1020,RH16,2,,Casper Ruud,R,183,NOR,27.168,13,2625,4-6 6-2 6-2,3,QF,126,10,3,81,47,34,20,13,3,4,3,1,92,58,36,16,13,4,8
2026-499,Delray Beach,Hard,28,250,O,20260221,24,T0HA,4,,Learner Tien,L,180,USA,20.222,23,1710,TD51,8,,Frances Tiafoe,R,188,USA,28.088,28,1550,7-6(5) 3-6 7-5,3,QF,139,13,3,97,64,44,13,16,7,13,11,1,98,64,42,17,17,1,7
2026-6932,Rio de Janeiro,Clay,32,500,O,20260221,27,TE30,,,Alejandro Tabilo,L,188,CHI,28.723,68,808,T0A1,,,Thiago Agustin Tirante,R,185,ARG,24.868,92,647,7-6(2) 6-7(6) 6-1,3,QF,172,7,3,97,65,53,17,16,0,2,12,1,106,64,44,21,15,4,8
2026-6932,Rio de Janeiro,Clay,32,500,O,20260221,28,EA24,8,,Tomas Martin Etcheverry,R,196,ARG,26.598,51,1020,F0F2,,,Jaime Faria,R,188,POR,22.546,147,425,7-6(4) 6-4,3,QF,123,9,1,73,50,40,10,11,5,5,9,2,67,42,31,13,11,1,2
2026-6932,Rio de Janeiro,Clay,32,500,O,20260221,29,B0ID,,,Ignacio Buse,R,183,PER,21.911,91,648,BK40,,,Matteo Berrettini,R,196,ITA,29.862,57,910,6-3 2-6 6-3,3,QF,139,3,1,78,51,37,17,13,4,6,9,2,83,55,40,12,13,4,7
2026-451,Doha,Hard,32,500,O,20260221,31,A0E2,1,,Carlos Alcaraz,R,183,ESP,22.801,1,13150,F0F1,,,Arthur Fils,R,185,FRA,21.695,40,1110,6-2 6-1,3,F,50,5,1,33,27,24,4,7,0,0,0,0,43,31,14,5,8,2,7
2026-499,Delray Beach,Hard,28,250,O,20260222,25,K0AH,,,Sebastian Korda,R,196,USA,25.634,50,1020,C0E9,3,,Flavio Cobolli,R,183,ITA,23.8,20,1955,7-6(1) 6-1,3,SF,76,12,0,49,32,27,14,9,0,0,5,1,66,38,27,11,10,4,7
2026-499,Delray Beach,Hard,28,250,O,20260222,26,PL56,5,,Tommy Paul,R,185,USA,28.769,24,1700,T0HA,4,,Learner Tien,L,180,USA,20.225,23,1710,4-6 6-4 6-3,3,SF,134,15,2,114,70,50,23,15,7,8,5,2,96,51,40,20,14,3,5
2026-6932,Rio de Janeiro,Clay,32,500,O,20260222,30,EA24,8,,Tomas Martin Etcheverry,R,196,ARG,26.601,51,1020,KI82,,,Vit Kopriva,R,178,CZE,28.69,87,660,4-6 7-6(2) 7-6(4),3,SF,237,9,2,107,62,52,25,17,0,1,8,3,118,75,59,22,17,4,4
2026-6932,Rio de Janeiro,Clay,32,500,O,20260222,31,TE30,,,Alejandro Tabilo,L,188,CHI,28.726,68,808,B0ID,,,Ignacio Buse,R,183,PER,21.914,91,648,6-3 6-3,3,SF,72,2,0,44,27,23,11,9,1,2,5,3,53,32,20,8,9,4,8
2026-499,Delray Beach,Hard,28,250,O,20260222,27,K0AH,,,Sebastian Korda,R,196,USA,25.634,50,1020,PL56,5,,Tommy Paul,R,185,USA,28.769,24,1700,6-4 6-3,3,F,82,9,2,60,40,33,9,10,5,6,5,2,58,39,26,7,9,3,6
2026-6932,Rio de Janeiro,Clay,32,500,O,20260223,32,EA24,8,,Tomas Martin Etcheverry,R,196,ARG,26.604,51,1020,TE30,,,Alejandro Tabilo,L,188,CHI,28.728,68,808,3-6 7-6(3) 6-4,3,F,184,14,4,105,67,48,16,15,6,9,11,0,107,70,49,18,16,6,9